Provincia de ocurrencia;Código cantón_DPA;Cantón de ocurrencia;ene-14;feb-14;mar-14;abr-14;may-14;jun-14;jul-14;ago-14;sept-14;oct-14;nov-14;dic-14;ene-15;feb-15;mar-15;abr-15;may-15;jun-15;jul-15;ago-15;sept-15;oct-15;nov-15;dic-15;ene-16;feb-16;mar-16;abr-16;may-16;jun-16;jul-16;ago-16;sept-16;oct-16;nov-16;dic-16;ene-17;feb-17;mar-17;abr-17;may-17;jun-17;jul-17;ago-17;sept-17;oct-17;nov-17;dic-17;ene-18;feb-18;mar-18;abr-18;may-18;jun-18;jul-18;ago-18;sept-18;oct-18;nov-18;dic-18;ene-19;feb-19;mar-19;abr-19;may-19;jun-19;jul-19;ago-19;sept-19;oct-19;nov-19;dic-19;ene-20;feb-20;mar-20;abr-20;may-20;jun-20;jul-20;ago-20;sept-20;oct-20;nov-20;dic-20;ene-21;feb-21;mar-21;abr-21;may-21;jun-21;jul-21;ago-21;sept-21;oct-21;nov-21;dic-21;ene-22;feb-22;mar-22;abr-22;may-22;jun-22;jul-22;ago-22;sept-22;oct-22;nov-22;dic-22;ene-23;feb-23;mar-23;abr-23;may-23;jun-23;jul-23;ago-23;sept-23;oct-23;nov-23;dic-23;ene-24;feb-24;mar-24;abr-24;may-24;jun-24;jul-24;ago-24;sept-24;oct-24;nov-24;dic-24;ene-25;feb-25;mar-25;abr-25;may-25;jun-25;jul-25;ago-25;sept-25;oct-25;nov-25;dic-25;ene-26;feb-26
Azuay;0101;Cuenca;17;16;11;7;18;27;31;20;15;12;25;15;13;6;12;8;11;9;5;7;7;9;10;16;8;9;6;11;4;9;6;4;11;14;13;8;9;4;13;8;7;3;8;4;2;16;8;3;6;6;10;8;4;12;6;3;2;7;5;8;9;9;8;5;8;5;5;10;10;14;9;7;3;8;5;1;4;4;7;3;4;7;4;4;5;5;6;3;6;7;2;3;7;6;1;5;6;11;5;9;7;10;7;10;6;6;9;10;4;4;0;6;5;5;3;6;6;4;3;7;4;7;9;3;7;7;7;2;2;4;5;7;5;5;4;5;3;4;0;3;0;3;1;2;5;2
Azuay;0102;Giron;0;1;0;0;1;0;0;0;0;0;0;0;0;0;1;0;0;1;0;0;0;0;0;0;0;0;0;0;0;0;0;0;0;0;1;0;0;1;0;0;0;0;0;0;0;0;1;0;0;1;0;0;0;0;0;0;0;0;0;0;0;0;0;0;1;0;0;0;0;0;0;0;1;0;0;0;0;0;0;0;0;0;0;0;0;0;0;0;0;0;0;0;0;0;0;0;0;0;0;0;0;0;1;0;0;1;1;0;0;0;0;0;0;1;0;0;0;0;0;0;0;0;0;1;0;0;0;0;0;0;0;0;0;0;0;0;1;0;0;0;0;0;0;0;0;0
Azuay;0103;Gualaceo;0;1;1;2;0;0;1;1;0;0;1;0;0;0;0;0;0;0;0;1;0;2;0;0;0;0;0;1;0;0;0;0;0;0;0;1;0;1;0;1;0;0;0;0;1;0;0;0;0;0;0;0;1;1;1;2;1;0;0;0;0;0;1;0;0;0;0;0;2;0;0;0;0;0;0;0;0;0;1;0;0;0;0;0;0;0;0;1;0;0;0;0;0;0;0;0;0;0;0;0;2;0;1;0;1;2;0;0;0;0;0;0;0;1;0;0;0;1;1;0;0;0;0;1;0;0;0;0;0;0;0;0;0;0;0;0;0;0;0;0;0;0;0;0;0;0
Azuay;0104;Nabon;0;0;0;0;0;0;0;0;0;0;0;0;0;0;1;0;0;0;0;0;0;0;0;0;0;0;0;0;0;0;1;0;0;0;1;0;0;0;0;0;0;0;0;0;0;0;0;0;0;0;0;0;0;0;0;0;0;0;0;0;0;0;0;0;0;0;0;0;0;0;0;0;0;0;0;0;0;0;0;0;0;0;0;0;0;0;0;0;0;0;0;0;0;0;0;0;0;0;0;0;0;0;0;0;0;0;0;0;0;0;0;0;0;0;0;0;0;0;0;0;0;0;0;0;0;1;1;0;0;0;0;0;0;0;0;0;0;0;0;0;0;0;0;0;0;0
Azuay;0105;Paute;0;0;1;1;0;0;0;0;0;0;0;0;0;1;1;0;2;0;1;0;0;0;0;0;0;0;0;0;0;1;1;0;0;2;0;0;0;1;1;0;0;1;1;0;0;0;0;0;0;0;0;0;0;0;1;0;0;0;0;1;0;0;1;0;1;0;0;0;0;0;0;0;0;0;0;0;0;0;0;0;0;1;0;0;0;0;0;0;0;0;0;0;0;0;0;0;0;1;0;0;0;0;1;0;0;0;1;1;0;0;0;0;0;0;0;0;0;0;0;0;0;0;0;0;0;0;0;0;0;0;0;0;0;0;0;0;0;0;0;1;1;0;0;0;0;0
Azuay;0106;Pucara;0;0;0;0;0;0;0;0;0;0;1;0;1;0;0;0;0;0;0;0;0;0;0;1;0;0;0;0;0;0;0;0;0;0;1;1;0;0;0;0;0;0;0;0;0;0;0;0;0;0;0;0;0;0;0;0;0;1;0;0;0;0;0;0;0;0;1;0;0;0;0;0;0;0;0;0;0;0;0;0;0;0;0;0;0;0;0;0;0;0;0;0;0;0;0;0;0;0;0;0;0;0;0;1;0;0;0;1;0;0;0;0;0;0;0;1;0;0;1;0;1;1;0;1;0;0;0;0;0;1;0;0;2;0;0;0;0;0;0;0;0;0;0;1;0;0
Azuay;0107;San Fernando;0;0;0;0;0;0;0;0;0;0;0;0;0;0;0;0;0;0;0;0;0;0;0;0;0;0;0;0;0;0;0;0;0;0;0;0;0;0;0;0;0;0;0;0;0;0;0;0;0;0;0;0;0;0;0;0;0;0;0;0;0;0;0;0;0;0;0;0;0;0;0;0;0;0;0;0;0;0;0;0;0;0;0;0;0;0;0;0;0;0;0;0;0;0;0;0;0;0;0;0;0;0;0;0;0;0;0;0;0;0;0;0;0;0;0;0;0;0;0;0;0;0;0;0;0;0;0;0;0;0;0;0;0;0;0;0;0;0;0;0;0;0;0;0;0;0
Azuay;0108;Santa Isabel;0;0;0;1;0;0;0;1;0;1;0;0;0;0;0;0;0;0;1;0;0;0;0;0;0;1;0;0;0;1;0;0;0;0;0;0;0;0;0;0;0;0;0;0;0;0;0;0;0;0;0;1;0;0;0;0;0;0;0;0;0;0;0;1;1;0;0;0;0;0;0;0;0;0;0;0;0;0;0;0;0;0;0;0;0;0;0;0;0;0;1;0;0;0;0;0;0;1;0;1;0;0;0;0;0;1;0;0;0;0;0;0;0;0;0;0;0;0;0;0;0;0;1;1;1;0;0;1;0;0;0;0;0;0;0;0;0;0;0;0;1;0;0;1;0;0
Azuay;0109;Sigsig;0;0;0;0;0;1;0;0;1;0;0;0;0;0;0;0;0;0;0;0;0;0;0;0;1;0;0;0;1;0;1;0;0;0;0;0;0;0;0;0;0;0;0;0;0;0;0;0;0;0;0;0;0;0;0;0;0;0;0;0;0;0;0;0;0;0;0;1;0;0;0;0;0;0;0;0;0;0;0;0;0;0;0;0;0;0;1;0;0;0;0;0;0;0;0;0;0;0;0;0;0;0;1;0;0;0;1;0;0;0;0;0;0;0;0;0;0;0;0;1;0;0;0;0;0;0;0;0;0;0;0;0;0;0;0;0;0;0;0;0;0;0;0;0;0;0
Azuay;0110;Oña;0;0;0;0;0;0;0;0;0;0;0;0;0;0;0;0;0;0;0;0;0;0;0;0;0;0;0;0;0;0;0;0;0;0;0;0;0;0;0;0;0;1;0;0;0;0;0;0;0;0;0;0;0;0;0;0;0;0;0;0;0;0;0;0;0;1;0;0;0;0;0;0;0;0;0;0;0;0;0;0;0;0;0;0;0;0;0;0;0;0;0;0;0;0;0;0;0;0;0;0;0;0;0;0;0;0;0;0;0;0;0;0;0;0;0;0;0;0;0;0;0;0;0;0;0;0;0;0;0;0;0;0;0;0;0;0;0;0;0;0;0;0;0;0;0;0
Azuay;0111;Chordeleg;0;0;0;0;0;0;0;0;1;0;0;0;0;0;0;0;0;0;0;0;0;0;0;0;0;0;0;0;0;0;0;0;0;0;0;0;0;0;0;0;0;0;0;0;0;0;0;0;0;0;0;0;0;0;0;0;0;0;0;0;0;0;0;0;0;0;0;0;0;0;0;0;0;1;0;0;0;0;0;0;0;0;0;0;0;0;0;0;0;0;0;0;0;0;0;0;0;0;0;0;0;0;0;0;0;0;0;0;1;0;0;0;0;0;0;0;0;0;0;0;0;0;0;1;0;0;0;0;0;0;0;0;0;0;1;0;0;0;0;0;0;0;0;0;0;0
Azuay;0112;El Pan;0;0;0;0;0;0;0;0;0;0;0;0;0;0;0;0;0;0;0;0;0;0;0;0;0;0;0;0;0;0;0;0;0;0;0;0;0;0;0;0;0;0;0;0;0;0;0;0;0;0;0;0;0;0;0;0;0;0;0;0;0;0;0;0;0;0;0;0;0;0;0;0;0;0;0;0;0;0;0;0;0;0;0;0;0;0;0;0;0;0;0;0;0;0;0;0;0;0;0;0;0;0;0;0;0;0;0;0;0;0;0;0;0;0;0;0;0;0;0;0;0;0;0;0;0;0;0;0;0;0;0;0;0;0;0;0;0;0;0;0;0;0;0;0;0;0
Azuay;0113;Sevilla De Oro;0;0;0;0;0;0;0;0;0;0;0;0;0;0;0;0;0;0;0;0;0;0;0;0;0;0;0;0;0;0;0;0;0;0;0;0;0;0;0;0;0;0;0;1;0;0;0;0;0;0;0;0;0;0;0;0;0;0;0;0;0;0;0;0;0;0;0;0;0;0;0;0;0;0;0;0;0;0;0;0;0;0;0;0;0;0;0;0;0;0;0;0;0;0;0;0;0;0;0;0;0;0;0;0;0;0;0;0;0;0;0;0;0;0;0;0;0;0;0;0;0;0;0;0;0;0;0;0;0;0;0;0;0;0;0;0;0;0;0;0;0;0;0;0;0;0
Azuay;0114;Guachapala;0;0;0;0;0;0;0;0;0;0;0;0;0;0;0;0;0;0;0;0;0;0;0;0;0;0;0;0;0;0;0;0;0;0;0;0;0;0;0;0;0;0;0;0;0;0;0;0;0;0;0;0;0;0;0;0;0;0;0;0;0;0;0;0;0;0;0;0;0;0;0;0;0;0;0;0;0;0;0;0;0;0;0;0;0;0;0;0;0;0;0;0;0;0;0;0;0;0;0;0;0;0;0;0;0;0;0;0;0;0;0;0;0;0;0;0;0;0;0;0;0;0;0;0;0;0;0;0;0;0;0;0;0;0;0;0;0;0;0;0;0;0;0;0;0;0
Azuay;0115;Camilo Ponce Enriquez;1;0;3;1;5;2;1;0;0;0;2;1;1;1;0;1;1;1;1;1;0;1;0;1;1;0;1;0;2;0;0;0;0;0;0;0;1;0;0;0;1;0;1;1;0;0;0;0;3;0;1;0;0;0;0;0;0;0;1;1;2;0;0;0;0;1;1;0;1;0;0;2;0;0;0;0;0;0;1;0;0;0;0;0;1;0;1;1;1;0;0;0;2;1;0;1;0;2;0;0;0;1;0;1;3;1;3;2;1;1;2;2;0;0;0;1;1;3;1;0;0;0;0;0;0;0;0;1;0;1;0;0;0;0;0;0;0;0;1;1;0;0;0;0;1;2
Bolívar;0201;Guaranda;3;2;1;0;0;1;0;0;0;1;3;2;0;2;0;0;0;0;1;1;1;0;0;2;0;2;0;1;1;3;0;1;0;0;1;0;1;4;0;3;2;1;0;1;0;0;1;0;1;3;0;0;1;0;0;0;1;0;1;1;0;0;1;1;2;0;0;0;0;0;0;0;0;3;0;0;0;0;1;1;1;1;1;0;1;3;1;0;2;0;1;0;0;1;2;0;1;0;0;0;1;0;2;0;3;2;1;1;0;2;1;0;2;1;0;2;0;1;0;0;0;0;0;1;0;1;1;0;0;0;1;3;0;0;0;0;0;0;0;0;2;1;2;0;1;0
Bolívar;0202;Chillanes;0;0;0;0;0;0;0;0;0;1;1;0;0;0;0;0;1;0;0;0;0;0;0;0;0;0;0;0;0;0;0;0;0;0;0;0;0;0;0;0;0;0;1;0;0;0;0;0;0;0;0;0;0;0;0;0;0;0;0;0;0;0;0;0;0;0;0;0;0;0;0;0;0;0;0;0;0;0;0;1;0;1;1;0;0;0;0;0;0;0;0;0;1;0;0;0;0;0;0;0;0;0;0;1;0;2;0;1;0;0;0;0;0;0;0;0;0;0;0;0;0;0;0;0;0;0;0;0;0;0;0;0;0;0;0;0;0;0;0;0;0;0;0;0;0;0
Bolívar;0203;Chimbo;0;0;0;0;0;0;0;0;0;0;0;0;0;0;0;0;0;0;0;0;0;0;0;1;0;0;0;0;0;0;0;0;0;0;0;0;0;0;0;0;0;0;0;0;0;0;0;0;0;0;0;0;0;0;0;0;0;0;0;0;0;0;0;0;0;0;0;0;0;0;0;0;1;0;0;0;0;0;0;0;0;1;0;0;0;0;0;0;0;0;0;0;0;1;0;0;0;0;1;0;0;0;0;0;0;0;0;0;0;1;0;0;0;0;0;0;0;0;0;0;0;0;0;0;0;0;0;0;0;0;0;0;0;0;0;0;0;0;0;0;0;1;0;0;0;0
Bolívar;0204;Echeandia;0;0;0;0;0;0;0;1;0;0;0;0;0;1;0;0;0;0;0;0;0;0;1;0;1;0;0;0;0;0;0;0;0;0;0;1;0;0;0;0;0;0;0;0;0;0;0;0;0;0;0;0;0;0;0;1;0;0;0;0;0;0;0;0;0;0;0;1;0;0;0;0;0;0;1;0;0;0;0;0;0;0;0;0;0;0;0;0;0;0;1;1;1;0;0;0;0;1;0;0;0;0;0;1;0;1;1;0;0;0;0;0;0;0;0;0;0;0;0;0;0;0;0;0;0;0;1;0;0;0;1;0;0;0;0;0;0;0;0;0;0;1;0;2;0;0
Bolívar;0205;San Miguel;0;0;2;0;0;0;1;1;1;0;0;0;0;0;0;0;0;1;0;0;0;1;0;0;0;3;0;0;0;0;0;0;0;0;0;0;0;0;1;1;0;0;0;0;0;0;0;1;0;0;2;0;0;0;0;0;1;0;0;0;0;0;3;0;0;0;0;0;0;0;0;1;0;0;0;0;1;0;0;0;0;1;0;0;0;0;0;0;0;0;0;0;0;0;0;0;0;0;0;0;0;0;0;0;0;0;0;0;0;0;1;0;0;0;0;0;0;0;0;0;0;0;0;1;0;0;0;0;0;0;0;0;0;0;2;0;0;0;0;0;0;0;0;0;0;0
Bolívar;0206;Caluma;0;0;0;0;0;1;0;0;0;0;0;0;0;1;0;0;0;0;0;0;0;0;1;0;0;0;0;0;0;0;0;0;0;0;0;0;0;1;0;0;0;0;0;0;0;0;0;0;0;0;0;0;0;0;0;0;0;0;0;0;0;0;0;0;0;0;0;2;0;0;0;0;0;0;0;0;0;0;0;0;0;0;0;0;0;0;0;0;1;0;0;0;0;0;0;0;0;0;0;1;0;0;0;0;0;0;0;0;0;0;0;0;0;0;0;0;0;0;0;0;0;0;0;0;0;0;0;0;0;0;0;0;0;0;0;0;0;0;0;0;0;0;0;0;0;1
Bolívar;0207;Las Naves;0;1;0;0;0;0;0;0;0;0;0;0;0;0;0;0;0;0;0;0;0;0;0;0;0;0;0;0;0;0;0;0;0;0;0;0;0;0;0;0;0;0;0;0;0;0;0;0;0;0;0;0;0;0;0;0;0;1;0;0;0;0;0;1;0;0;0;0;0;0;0;0;1;0;0;0;0;0;0;0;0;0;0;0;0;0;0;0;0;0;0;0;0;0;0;0;0;0;0;0;0;0;0;0;0;0;0;0;0;0;0;0;2;0;0;0;0;1;0;0;0;0;0;0;0;0;1;0;0;0;0;1;0;0;1;0;0;0;0;0;0;0;0;0;0;0
Cañar;0301;Azogues;0;3;0;1;4;8;1;0;5;1;2;3;1;1;2;1;2;2;0;1;0;1;0;0;1;1;0;0;2;2;0;1;2;3;1;1;0;1;1;0;1;2;0;0;2;1;1;1;0;0;0;0;0;0;0;0;1;0;0;1;0;1;0;1;0;0;2;1;0;1;1;0;0;0;0;0;0;0;1;1;0;0;0;0;1;0;0;0;1;1;0;0;0;0;0;0;1;2;0;1;1;0;0;0;0;0;2;0;1;0;0;0;0;1;0;0;0;0;1;0;0;0;0;0;1;0;2;0;0;0;1;1;0;0;0;0;0;0;1;0;0;0;1;0;1;1
Cañar;0302;Biblian;2;1;0;0;3;1;0;0;0;0;0;0;0;0;0;0;0;0;0;0;2;0;0;0;0;0;0;0;0;0;0;0;0;0;0;0;0;0;0;0;0;0;0;1;1;0;0;0;1;0;0;0;1;0;0;0;0;0;1;0;0;0;0;0;0;0;0;0;0;0;0;0;1;0;0;0;0;0;1;0;0;0;0;0;1;0;0;0;0;0;0;0;0;0;0;0;0;0;0;0;0;0;1;0;0;0;0;1;0;0;0;0;0;0;0;1;0;1;0;0;0;0;1;0;0;0;0;0;0;0;0;0;0;0;0;0;0;0;0;0;0;0;0;0;0;0
Cañar;0303;Cañar;0;0;1;0;1;0;0;0;0;2;0;0;0;0;0;0;0;0;0;0;0;0;0;0;0;0;0;0;0;0;0;0;0;0;1;0;0;0;1;1;0;0;0;0;0;0;1;1;0;0;0;0;0;1;0;0;0;1;0;1;0;1;1;1;1;0;0;0;1;0;0;0;0;2;1;0;0;0;0;2;1;0;0;2;0;0;0;1;1;1;0;0;0;1;0;1;0;0;0;0;1;0;0;1;1;1;0;2;1;0;0;0;0;0;2;1;0;2;0;0;1;0;2;1;0;1;1;0;1;0;0;0;1;0;0;0;0;0;0;0;0;0;0;0;0;0
Cañar;0304;La Troncal;0;1;0;1;1;1;0;0;0;2;0;1;1;2;0;1;0;1;0;1;1;0;0;1;0;0;0;0;1;1;0;0;1;0;1;0;2;1;0;2;0;1;1;1;1;0;0;0;1;2;2;1;0;0;0;0;2;1;0;1;1;1;0;2;1;1;0;1;0;4;0;2;0;1;0;0;0;0;0;0;0;1;0;1;1;3;1;2;1;1;2;2;2;0;3;4;3;2;2;1;0;0;3;5;4;4;4;3;2;1;0;2;1;1;1;2;4;4;2;2;1;5;1;0;2;0;1;4;0;2;2;0;1;0;2;2;2;2;0;0;1;2;0;0;1;0
Cañar;0305;El Tambo;0;0;0;0;0;0;0;0;0;0;0;0;1;0;0;0;0;0;0;0;0;0;0;0;0;0;0;0;0;1;0;0;0;0;0;0;0;0;0;0;0;0;0;0;0;0;0;0;0;0;0;0;1;0;0;0;0;0;0;0;0;0;0;0;0;0;0;0;0;0;0;0;0;0;0;0;0;0;0;0;0;0;0;0;0;0;0;0;0;0;0;0;0;0;0;0;0;0;0;0;0;0;0;0;0;0;0;0;0;0;0;0;0;0;0;0;0;0;0;0;0;0;0;0;0;0;0;0;0;0;0;0;0;1;0;0;0;0;1;0;0;0;0;0;0;0
Cañar;0306;Deleg;0;0;0;0;0;0;0;0;0;0;0;0;0;0;0;0;0;0;0;1;0;0;0;0;0;0;0;0;0;0;0;0;0;1;0;0;0;0;0;0;0;0;0;0;0;0;0;0;0;0;0;0;0;0;0;0;0;0;0;0;0;0;0;0;0;0;0;0;0;0;0;0;0;0;0;0;0;0;0;0;0;0;0;0;0;0;0;0;0;0;0;0;0;0;0;0;0;0;0;0;0;0;0;0;0;0;0;0;0;0;0;0;0;0;0;0;0;0;0;0;0;0;0;0;0;0;0;0;0;0;0;0;0;0;0;0;0;0;0;0;0;0;0;0;0;0
Cañar;0307;Suscal;0;0;0;0;0;0;0;0;0;0;0;0;0;0;0;0;0;0;0;1;0;0;0;0;0;0;0;0;0;0;0;0;0;0;0;0;0;0;0;0;0;0;0;0;0;0;0;0;0;0;0;0;0;0;0;0;0;0;0;0;0;0;0;0;0;1;0;0;0;0;0;0;0;0;1;0;0;0;0;1;0;1;0;0;0;1;0;0;0;0;0;0;0;0;1;1;0;1;0;0;0;0;0;0;0;0;0;1;0;1;0;0;0;0;0;0;0;0;0;0;0;0;1;0;0;0;0;0;0;0;0;0;0;0;2;0;0;0;0;0;0;0;0;0;0;0
Carchi;0401;Tulcan;2;6;2;4;3;2;4;2;3;2;3;0;1;4;1;2;2;1;3;0;2;2;0;1;1;2;1;1;1;0;0;0;1;2;0;1;0;3;2;3;1;1;1;1;1;0;1;1;0;0;1;1;2;0;2;1;1;1;0;1;0;0;0;0;2;0;1;5;2;0;5;1;2;1;1;0;0;0;0;0;0;2;1;1;2;3;2;1;0;4;3;3;4;4;4;7;7;5;12;2;5;3;7;7;6;6;10;3;0;1;0;4;3;2;5;7;4;3;5;1;0;0;1;0;3;2;0;0;0;3;2;1;2;0;1;1;1;2;1;0;0;2;2;0;0;1
Carchi;0402;Bolivar;0;0;0;0;0;0;0;2;0;0;0;1;0;0;0;0;1;1;0;0;0;0;0;0;0;0;0;0;0;1;0;0;0;0;0;0;0;0;1;0;0;0;0;0;0;0;0;0;1;0;0;1;0;0;0;0;0;0;0;0;0;0;0;0;0;0;0;0;0;0;0;0;0;0;0;0;0;0;0;0;0;0;1;0;0;0;0;0;0;0;0;0;0;1;0;0;0;0;0;0;0;0;0;1;1;0;0;0;0;0;0;0;0;0;0;0;0;0;0;0;0;0;0;0;0;0;0;0;0;0;0;0;0;0;0;0;0;0;0;0;0;0;0;0;0;0
Carchi;0403;Espejo;1;1;0;0;0;1;0;1;0;0;0;1;0;0;0;0;0;0;0;0;0;0;1;0;0;0;0;0;0;0;0;0;0;0;0;0;0;0;0;0;0;0;0;0;0;0;0;0;0;0;0;0;0;0;0;0;0;0;0;0;0;0;0;1;0;0;0;0;0;0;0;1;0;0;0;0;0;0;0;0;0;0;0;0;0;0;0;0;0;0;0;0;0;0;0;0;0;0;0;0;0;0;0;0;0;0;0;0;0;0;0;0;0;0;0;0;0;0;0;0;0;0;0;0;0;0;0;0;0;0;0;0;0;0;0;0;0;0;1;0;0;1;0;0;0;0
Carchi;0404;Mira;0;0;0;0;0;0;0;0;0;0;0;0;0;0;0;0;0;0;0;0;0;0;0;0;0;0;0;0;0;0;0;0;0;0;0;0;1;0;0;0;0;0;0;0;0;0;0;0;0;0;0;0;0;0;0;0;0;0;0;0;0;0;0;0;0;0;0;0;0;0;0;0;0;0;0;0;0;0;0;0;0;0;0;0;0;0;0;0;0;0;0;0;0;0;0;0;0;0;0;0;0;0;0;0;0;0;0;0;0;0;0;0;0;0;0;0;0;0;0;0;0;0;0;0;0;0;0;0;0;0;0;0;0;0;0;0;0;0;0;0;0;0;0;0;0;0
Carchi;0405;Montufar;1;0;0;0;0;0;1;0;1;0;0;2;0;0;0;2;0;0;0;0;0;0;0;0;0;0;0;0;1;0;0;0;0;1;0;0;0;0;0;0;0;0;0;0;0;0;0;0;1;0;0;0;0;0;1;0;0;0;0;0;0;0;0;1;0;0;1;1;0;0;0;0;0;1;0;0;0;0;0;0;0;0;0;0;0;0;0;0;0;0;0;0;0;0;0;0;0;0;0;0;0;0;0;0;0;0;0;0;0;0;0;0;0;0;0;0;1;0;1;0;0;0;0;0;0;0;0;0;0;0;0;0;0;0;0;0;0;0;0;0;0;0;0;1;0;0
Carchi;0406;San Pedro De Huaca;0;0;0;0;0;1;0;0;0;0;0;1;0;0;1;0;0;0;0;1;0;0;0;0;0;0;0;0;0;0;0;0;0;0;0;0;1;0;0;0;0;0;0;0;0;0;1;0;0;0;0;0;0;0;0;0;0;0;0;0;0;0;0;0;0;0;0;0;0;0;0;0;0;0;0;0;0;0;0;0;0;0;0;0;0;0;0;0;1;0;0;0;0;0;0;0;0;0;0;0;0;0;0;0;0;0;0;0;0;0;0;0;0;0;0;0;0;0;0;0;0;0;0;0;0;0;0;0;0;0;0;0;0;0;0;0;0;0;0;0;0;0;0;0;0;0
Cotopaxi;0501;Latacunga;3;3;0;4;8;8;4;6;3;4;7;11;5;0;7;1;7;5;2;8;2;4;7;3;3;5;3;6;3;3;3;4;4;7;6;9;4;5;0;6;4;4;3;7;5;2;3;7;4;3;4;3;2;5;4;6;5;8;5;7;6;4;4;4;5;4;3;2;3;5;4;6;7;3;4;0;0;0;2;3;4;5;7;1;1;1;4;7;3;2;1;7;0;3;0;8;0;1;2;4;6;1;6;8;5;7;5;3;5;4;3;2;1;3;0;3;5;1;4;1;1;2;1;3;5;1;3;2;3;4;2;2;4;3;0;2;7;1;1;7;5;4;4;4;4;1
Cotopaxi;0502;La Mana;0;0;1;0;2;0;0;0;1;0;0;0;0;0;0;1;1;0;0;0;0;0;1;0;0;2;0;0;0;0;1;0;0;0;2;0;0;2;0;0;1;0;0;0;0;0;0;1;0;0;0;0;0;0;0;0;0;0;0;0;0;1;0;0;0;1;0;0;0;0;0;0;2;4;0;0;0;0;0;0;0;3;1;1;1;1;1;2;0;1;0;0;0;1;0;2;0;0;0;0;1;0;0;0;1;1;1;0;1;0;1;2;1;1;2;1;0;2;1;0;0;0;1;2;0;0;2;0;0;0;0;2;0;0;0;1;0;0;1;0;0;0;0;0;0;0
Cotopaxi;0503;Pangua;0;0;0;0;0;0;0;0;0;0;0;0;0;0;0;0;0;0;0;0;0;0;0;0;0;0;0;0;0;1;0;0;0;0;0;0;0;0;0;0;0;0;0;0;0;0;0;0;0;0;0;0;0;0;0;0;0;0;0;0;0;0;0;0;0;0;0;0;0;0;0;0;0;0;0;0;0;0;1;0;0;0;0;0;0;0;0;0;0;0;0;0;0;0;0;0;0;0;0;0;1;1;0;0;0;0;0;0;0;0;0;0;0;0;0;0;0;0;0;0;0;0;0;0;0;0;0;0;0;0;1;0;0;0;0;0;0;0;0;0;0;0;0;0;0;0
Cotopaxi;0504;Pujili;0;0;0;1;0;2;0;0;0;0;1;0;0;0;1;4;1;1;0;0;0;0;0;0;1;0;0;1;0;0;0;0;0;0;0;1;0;0;0;0;0;0;1;0;0;0;0;0;0;0;0;1;0;0;0;0;1;0;0;0;1;0;0;0;0;0;0;0;0;0;0;0;0;0;0;0;0;0;1;0;2;0;3;0;0;0;0;0;0;0;1;0;0;0;0;1;0;1;0;2;0;1;0;0;0;2;0;1;0;0;0;0;0;0;1;0;0;2;1;2;0;0;0;0;0;1;0;0;1;1;0;0;1;0;0;0;1;1;2;1;0;0;1;0;0;0
Cotopaxi;0505;Salcedo;1;1;0;2;1;0;2;0;0;0;0;1;0;0;0;1;0;2;0;0;1;0;0;0;0;1;1;0;0;2;2;2;3;3;0;3;2;2;1;0;1;2;0;0;0;1;0;1;0;1;1;1;1;1;0;1;1;1;1;1;1;1;2;1;3;1;3;2;3;1;0;0;3;1;1;0;0;2;1;1;3;1;0;0;1;1;2;1;1;0;1;1;2;0;1;1;0;1;0;2;2;0;0;1;1;2;2;2;1;1;0;0;0;1;0;0;0;1;0;0;0;0;0;3;0;1;1;1;0;2;1;1;1;1;0;0;2;1;2;0;1;1;1;0;0;0
Cotopaxi;0506;Saquisili;0;0;0;0;0;0;0;0;0;0;1;0;1;2;0;0;0;1;0;1;1;0;0;1;0;0;0;0;0;0;0;0;0;0;0;0;1;1;0;0;0;0;1;1;0;2;1;0;0;0;0;0;0;1;0;1;2;0;0;2;0;0;0;0;0;0;1;1;0;0;0;0;1;0;0;0;0;0;0;0;0;0;0;0;0;0;0;1;0;0;0;0;0;0;0;0;0;0;0;1;0;0;0;0;0;0;0;1;0;0;0;0;0;1;0;0;0;0;0;0;1;0;0;0;0;1;0;1;0;0;1;0;0;1;0;1;0;0;0;1;0;2;0;0;0;0
Cotopaxi;0507;Sigchos;0;0;0;0;0;0;0;0;0;0;0;1;0;0;0;0;0;0;0;0;0;0;0;0;0;0;0;0;0;0;0;0;0;0;0;0;0;0;0;0;0;0;0;0;0;0;0;0;0;0;0;0;0;0;0;0;0;0;0;0;0;0;0;0;0;0;0;0;0;0;0;0;0;0;0;0;0;0;0;0;0;0;0;0;0;0;0;0;0;0;0;0;0;0;0;0;0;0;0;0;0;0;0;0;0;0;0;0;0;0;0;0;0;0;0;0;0;0;0;0;0;0;0;0;0;0;0;0;0;0;0;0;0;0;0;0;0;0;0;0;0;0;0;0;0;0
Chimborazo;0601;Riobamba;5;1;5;7;10;10;9;5;1;6;8;4;5;6;10;6;3;5;4;4;4;10;5;5;6;7;5;8;9;9;2;9;10;9;3;11;10;6;7;11;8;3;8;5;0;1;3;8;4;4;4;3;2;5;4;10;10;4;3;7;4;3;4;6;2;6;1;1;6;6;8;7;6;1;2;0;1;1;1;3;8;3;2;7;11;8;3;3;4;4;0;5;4;4;6;2;5;4;5;6;11;4;13;4;6;3;6;10;3;3;7;4;5;5;3;2;12;5;6;6;7;8;3;3;7;6;6;5;2;3;3;4;7;1;3;6;4;6;7;10;6;8;2;5;8;3
Chimborazo;0602;Alausi;0;0;1;0;0;1;0;0;0;0;0;0;0;0;1;0;0;0;0;0;0;0;0;0;1;0;0;1;1;0;1;0;0;0;1;0;0;0;0;1;0;0;1;0;0;0;0;0;0;0;0;0;0;0;0;0;0;0;0;0;0;0;0;0;0;0;0;0;1;0;0;0;0;0;0;0;0;0;0;1;0;0;0;0;0;0;1;1;0;1;0;0;0;0;0;0;0;0;0;0;0;0;0;0;0;0;0;0;0;0;0;1;1;0;0;0;0;0;0;0;0;0;0;0;0;0;0;0;1;0;0;0;1;1;0;0;0;0;0;0;0;0;0;0;0;0
Chimborazo;0603;Colta;0;0;0;0;1;0;0;0;0;0;0;0;1;0;1;2;0;0;1;0;1;1;1;0;0;0;0;0;1;1;1;0;0;1;1;1;0;0;0;2;2;0;1;0;0;0;0;0;0;1;0;0;1;0;0;0;1;0;1;0;0;0;0;0;1;0;1;0;0;1;0;1;0;0;0;0;0;0;0;0;1;0;2;0;1;1;0;0;0;0;0;0;0;2;0;0;0;0;0;1;1;0;0;0;0;0;0;0;0;1;0;0;1;0;0;0;0;0;0;1;0;0;0;0;0;0;0;0;0;0;0;0;0;0;0;1;1;0;0;0;1;0;0;0;0;1
Chimborazo;0604;Chambo;0;0;0;0;0;0;0;0;0;0;1;0;0;0;0;0;0;0;0;0;0;0;0;0;0;0;0;0;0;0;0;0;0;0;0;0;0;0;0;0;0;0;0;0;0;0;0;0;0;0;0;0;0;0;0;0;0;0;0;0;0;0;0;0;0;0;0;0;0;0;0;0;0;0;0;0;0;0;0;0;0;0;0;0;0;0;0;0;1;0;0;0;0;0;0;0;0;0;0;0;0;0;0;0;0;0;0;0;0;0;0;1;0;0;0;0;0;0;0;0;0;0;0;0;0;0;0;0;0;0;0;0;0;0;0;0;0;0;0;0;0;0;0;0;0;0
Chimborazo;0605;Chunchi;0;0;0;0;1;0;0;0;0;0;0;0;0;0;0;0;0;0;0;0;0;0;0;0;0;0;0;0;0;0;1;0;0;0;0;0;0;1;0;0;0;0;0;0;0;0;0;0;0;0;0;0;0;0;1;0;0;0;1;0;0;0;0;0;0;0;0;0;0;0;0;0;0;0;0;0;0;1;0;0;1;0;0;0;0;0;0;0;0;0;0;0;0;0;1;0;0;0;0;0;0;0;0;0;0;0;0;0;0;0;0;0;0;0;0;0;0;0;0;0;0;0;0;0;0;0;0;0;0;2;0;0;0;0;0;0;0;0;0;1;0;0;0;0;0;0
Chimborazo;0606;Guamote;0;1;0;0;0;2;0;0;1;0;2;1;0;0;1;0;0;0;0;1;0;0;0;0;0;0;0;0;0;1;0;0;0;0;0;1;0;0;0;0;0;0;0;0;0;0;0;0;0;0;0;0;1;0;0;0;0;0;0;0;0;0;0;0;0;0;0;0;0;1;0;0;0;0;0;0;0;0;0;0;1;0;0;0;0;0;0;0;0;0;0;0;0;0;0;0;1;0;0;0;0;0;0;0;0;0;0;0;0;0;0;0;0;0;1;0;0;0;0;0;0;0;0;0;0;0;0;0;0;0;0;0;0;0;0;0;0;0;0;2;0;1;0;0;0;0
Chimborazo;0607;Guano;0;0;2;1;0;1;0;1;3;1;1;0;0;0;0;0;0;0;0;1;0;1;0;1;1;1;2;3;1;0;0;2;1;2;0;3;3;0;1;4;1;2;2;1;1;1;0;0;3;1;2;1;1;4;2;2;4;0;1;1;3;0;0;3;0;1;0;0;1;0;0;1;1;0;0;0;0;1;0;0;1;0;0;1;0;0;1;2;1;2;0;0;0;0;0;1;2;2;0;0;2;3;0;2;0;1;0;0;0;1;0;0;1;0;0;0;0;0;0;0;1;0;1;1;0;0;1;0;0;1;1;3;1;0;1;0;2;1;1;1;1;1;0;1;0;2
Chimborazo;0608;Pallatanga;0;1;0;0;0;0;0;0;0;0;0;0;0;0;0;0;0;0;0;0;1;0;0;2;0;0;0;0;1;0;0;0;0;1;0;0;0;0;0;0;0;0;0;0;0;0;0;0;2;0;0;0;0;0;0;0;0;0;0;0;0;2;1;0;0;0;0;1;0;1;0;0;0;0;0;0;1;1;0;1;0;0;0;0;1;0;0;0;2;0;0;0;0;1;0;0;0;2;0;0;0;1;0;0;0;0;0;0;0;0;1;0;0;1;0;0;0;1;0;0;0;0;0;1;0;0;0;0;0;0;0;0;0;0;0;0;0;0;0;0;0;1;0;0;0;0
Chimborazo;0609;Penipe;0;0;0;0;0;0;0;0;0;0;0;0;0;0;0;0;0;0;0;0;0;0;0;0;0;0;0;0;0;0;1;0;0;0;0;0;0;0;0;0;0;0;0;0;0;0;0;0;0;1;0;0;0;0;1;0;0;1;0;0;0;0;0;0;0;0;0;0;0;1;0;0;0;0;0;0;0;0;0;0;0;0;0;0;0;0;0;0;0;0;0;0;0;0;0;0;0;0;0;1;0;0;0;0;0;0;0;0;0;0;0;0;0;0;0;1;0;0;0;0;0;0;0;0;0;0;0;0;0;0;0;0;1;0;0;0;0;0;0;0;0;0;0;0;0;0
Chimborazo;0610;Cumanda;0;0;0;0;0;1;0;0;1;0;0;0;0;0;0;0;0;0;0;0;0;0;0;1;0;0;0;0;0;0;0;1;0;0;0;0;1;0;1;0;0;0;0;0;0;0;0;0;0;0;0;0;0;0;0;0;0;0;0;0;0;0;0;0;0;1;0;0;0;0;1;1;0;0;1;0;0;0;1;0;0;0;0;0;0;0;1;0;0;0;0;0;1;0;1;1;0;0;0;0;1;0;0;0;1;3;0;0;0;0;1;0;2;0;0;0;2;1;0;0;0;1;0;0;0;0;0;1;0;0;0;0;1;0;0;0;1;0;0;0;0;0;0;0;0;0
El Oro;0701;Machala;6;3;6;3;4;3;1;2;2;2;2;1;2;2;2;2;2;8;5;2;4;8;5;3;3;5;3;3;3;5;5;6;1;4;0;2;6;4;5;1;2;3;5;6;3;2;2;2;2;4;6;0;2;1;4;5;3;9;7;5;5;7;6;1;4;16;17;13;7;5;4;5;5;5;9;4;1;3;7;7;3;9;6;4;3;4;11;6;2;4;3;8;9;10;3;18;17;12;10;10;16;17;14;11;23;14;21;8;18;17;22;19;26;14;19;15;24;13;17;24;12;12;8;23;22;10;15;13;13;12;19;18;8;9;19;14;7;10;11;13;13;4;6;10;9;8
El Oro;0702;Arenillas;1;0;1;0;0;1;0;1;0;1;0;0;0;0;0;0;0;0;0;0;0;1;0;0;0;1;1;0;0;1;1;2;0;2;2;0;0;1;1;1;1;2;0;0;2;0;1;0;0;1;1;1;1;1;2;2;4;3;5;1;3;4;2;2;1;2;3;0;0;0;1;1;0;2;0;1;1;0;1;2;0;7;1;0;3;1;1;0;0;0;2;0;3;3;0;0;0;2;0;1;4;0;5;2;3;3;5;1;3;0;2;0;0;3;7;6;6;10;2;6;4;4;5;1;4;4;3;4;1;1;2;2;5;4;1;3;2;3;1;2;2;1;0;1;0;4
El Oro;0703;Atahualpa;0;0;0;0;0;0;0;0;0;0;0;0;0;0;0;0;0;0;0;0;0;0;0;0;0;0;0;0;0;0;0;0;0;0;0;0;0;0;0;0;0;0;0;0;0;0;0;0;0;0;0;0;0;0;0;0;0;0;0;0;0;0;0;1;0;0;0;0;0;0;0;0;0;0;0;0;0;0;0;0;0;1;0;0;0;0;0;0;0;0;0;0;0;0;1;0;0;0;0;0;0;0;0;0;0;0;0;0;0;0;0;0;0;0;0;0;0;0;1;0;0;0;0;0;1;1;0;0;0;0;0;0;0;0;0;0;0;0;0;0;0;0;0;0;0;0
El Oro;0704;Balsas;0;0;0;0;0;0;0;0;0;0;0;0;0;0;0;0;0;0;0;0;0;0;0;0;0;0;0;0;0;0;0;0;0;0;1;0;0;0;0;0;0;0;0;0;1;0;0;0;0;0;0;0;0;0;1;0;0;0;0;0;0;0;2;0;0;0;0;0;1;0;1;0;0;1;0;0;0;0;0;0;0;0;0;1;0;0;0;0;0;0;0;0;0;0;0;0;1;0;0;0;0;0;0;0;0;0;0;0;0;0;0;0;0;0;1;0;2;0;1;0;0;0;0;0;0;0;0;0;0;0;0;0;0;0;0;0;0;0;0;1;0;0;0;0;0;0
El Oro;0705;Chilla;0;0;0;0;0;0;0;0;0;0;0;0;0;0;0;0;0;0;0;0;0;0;0;0;0;0;0;0;0;0;1;0;0;0;0;0;0;0;0;0;0;0;0;0;0;0;0;0;0;0;0;0;0;0;0;0;0;0;0;0;0;0;0;0;0;0;0;0;0;0;0;0;0;0;0;0;0;0;0;0;0;0;0;0;0;0;0;0;0;0;0;0;0;0;0;0;0;0;0;0;0;0;0;0;0;0;0;1;0;0;0;0;0;0;0;0;0;0;0;0;0;0;0;0;0;0;0;0;0;0;0;0;0;0;0;0;0;0;0;0;0;0;0;0;0;0
El Oro;0706;El Guabo;0;0;0;1;1;1;1;2;3;1;0;2;0;1;0;1;0;3;1;1;0;0;1;2;1;1;2;0;2;1;0;2;2;0;0;0;3;0;0;3;2;1;1;1;2;2;0;1;3;1;3;2;1;1;0;0;0;4;1;2;3;1;0;2;0;2;2;0;1;2;1;0;1;2;1;0;0;0;0;0;1;0;0;0;0;0;0;0;1;1;0;5;0;0;1;0;1;3;1;1;1;1;6;1;1;6;2;1;1;3;5;0;4;6;4;5;1;2;5;2;2;1;2;0;1;1;1;1;1;3;1;1;0;2;1;1;0;2;1;1;2;3;2;1;1;0
El Oro;0707;Huaquillas;0;0;1;0;0;4;2;1;0;0;0;0;0;0;0;2;0;0;1;1;0;1;0;0;0;0;0;0;0;0;0;0;0;0;0;4;0;0;0;1;0;0;0;1;1;1;1;0;2;0;0;0;2;2;0;0;2;1;1;0;0;0;0;1;0;1;0;1;0;1;2;1;1;1;1;0;0;2;0;0;1;1;0;0;1;0;0;1;0;0;0;2;0;0;0;0;0;0;0;0;0;1;1;0;0;4;0;1;0;1;0;0;2;2;0;0;2;0;0;1;0;0;0;0;0;0;1;0;0;0;1;0;0;0;0;0;0;1;0;0;1;0;0;1;0;0
El Oro;0708;Marcabeli;0;0;0;0;0;0;0;0;0;0;0;0;0;0;0;0;0;0;0;0;0;0;0;0;0;0;0;0;0;0;0;0;0;0;0;0;0;0;0;0;0;0;0;0;0;0;0;0;0;0;0;0;0;0;0;0;0;0;0;0;0;0;0;0;0;0;0;0;0;0;0;0;0;0;0;0;0;0;0;0;0;0;0;0;0;0;0;0;0;0;0;0;0;0;0;0;0;0;0;0;0;0;0;1;1;0;0;0;0;0;0;0;0;0;0;0;0;0;0;0;0;0;0;0;0;0;0;0;0;0;0;0;0;0;0;0;0;0;0;0;0;0;0;0;0;0
El Oro;0709;Pasaje;1;4;1;1;2;1;1;2;2;1;1;0;2;0;0;4;0;4;1;2;2;0;1;3;1;1;1;2;3;6;2;1;3;2;2;4;0;1;1;2;4;1;1;1;0;0;1;3;0;0;5;4;0;3;1;1;3;1;5;0;3;3;0;0;2;2;4;5;1;0;0;1;2;0;2;0;1;0;2;0;2;0;0;0;1;0;2;0;0;2;0;1;1;5;3;3;2;3;2;6;6;3;4;3;7;6;6;6;7;4;0;3;6;3;5;2;0;4;1;2;1;1;3;2;7;2;2;0;0;0;2;2;2;1;0;0;1;3;2;0;0;3;0;1;0;0
El Oro;0710;Piñas;0;0;0;0;3;0;0;0;0;0;0;0;0;0;0;0;0;0;0;1;0;0;0;0;0;3;0;0;0;1;1;0;0;1;0;0;1;0;0;0;0;0;1;0;0;0;0;0;0;0;0;0;0;1;0;1;0;0;0;0;0;0;2;0;0;0;1;0;0;0;0;0;0;0;0;0;0;0;0;0;0;0;1;0;0;0;2;0;1;0;0;0;0;0;0;0;0;1;0;0;0;2;0;0;0;0;0;0;0;0;1;0;0;0;2;1;0;1;0;1;1;0;1;0;1;1;1;0;0;2;1;1;0;0;0;1;0;0;2;1;1;1;0;1;0;0
El Oro;0711;Portovelo;0;0;1;0;1;0;0;1;0;0;0;0;1;0;0;0;0;0;0;1;0;0;0;0;0;1;0;0;1;0;0;0;0;0;0;0;0;0;0;0;0;0;0;1;0;0;0;0;0;0;0;0;0;0;1;0;0;2;0;0;1;1;0;1;0;1;0;0;0;0;1;0;1;0;0;0;0;0;0;0;0;0;0;0;0;0;0;1;0;0;1;0;1;0;0;0;0;0;1;0;0;0;0;0;0;1;0;0;0;0;0;0;0;0;2;0;0;0;1;0;0;0;0;0;0;1;0;0;0;0;0;1;0;0;0;0;0;0;0;0;0;0;0;0;0;0
El Oro;0712;Santa Rosa;1;0;1;0;0;1;1;1;2;0;0;0;1;1;0;1;2;1;3;0;1;2;5;1;0;1;0;0;1;1;0;0;2;0;0;0;0;2;0;1;2;1;1;3;0;1;1;2;2;3;1;0;0;1;2;2;0;3;1;3;1;1;3;3;2;1;1;1;0;0;0;1;2;4;0;0;0;1;0;0;2;3;3;0;3;2;0;1;1;1;4;2;3;2;3;3;4;2;2;2;3;3;4;5;2;6;4;0;2;8;3;2;3;3;1;3;2;4;2;1;0;3;2;4;2;3;0;2;2;2;1;5;3;6;2;1;1;2;2;3;2;1;0;0;0;0
El Oro;0713;Zaruma;0;2;0;0;1;0;0;1;0;0;0;0;0;0;0;0;0;0;0;0;0;0;0;0;0;0;0;0;0;1;0;0;0;0;0;0;2;0;0;0;0;0;0;0;0;0;1;0;1;0;0;1;0;1;0;0;0;0;0;0;0;0;0;0;0;0;0;0;0;0;0;0;0;0;0;0;0;0;0;0;0;0;0;0;0;0;1;0;0;0;0;0;0;0;1;0;0;0;0;0;0;0;0;0;0;0;0;0;3;0;2;0;2;0;0;1;0;0;0;0;0;0;0;0;0;0;0;0;0;0;0;2;0;0;1;0;0;0;0;0;0;0;0;0;0;0
El Oro;0714;Las Lajas;0;0;0;0;1;0;0;0;0;0;0;0;0;0;0;0;1;0;0;0;0;0;0;0;0;0;0;0;0;0;0;0;0;0;0;0;0;0;0;0;0;0;0;1;0;0;0;0;0;0;0;0;1;0;0;0;1;1;0;0;0;0;0;0;0;1;0;0;0;0;0;0;0;0;0;0;0;1;0;0;1;0;1;0;0;0;0;0;0;1;0;0;0;0;0;0;0;0;0;0;0;0;0;0;0;1;0;0;0;0;1;1;0;0;1;0;1;0;0;1;0;0;0;1;0;0;0;1;1;0;0;0;0;0;1;0;0;0;1;0;0;0;0;1;0;1
Esmeraldas;0801;Esmeraldas;5;5;9;3;5;2;4;5;1;3;2;3;3;1;3;2;0;2;2;5;1;2;3;3;4;3;3;3;0;2;2;1;1;6;6;8;7;1;1;0;1;1;1;2;3;3;2;2;1;4;1;1;1;0;5;3;0;2;1;0;2;0;2;1;4;0;1;1;6;1;0;2;1;4;1;0;0;1;3;3;4;2;0;1;0;1;2;2;0;2;2;1;4;1;2;2;4;3;6;5;5;4;6;4;3;3;6;2;5;7;5;4;4;1;0;5;0;1;8;3;5;6;3;6;2;6;8;7;2;10;3;6;9;7;4;6;2;2;8;4;4;4;3;4;5;8
Esmeraldas;0802;Eloy Alfaro;0;0;0;0;0;0;1;0;0;1;0;0;0;0;1;0;0;0;0;0;0;0;0;1;1;0;0;0;0;0;0;0;0;0;0;0;1;0;0;0;0;0;0;0;0;0;0;0;0;0;0;0;0;0;0;0;0;0;0;0;0;0;1;0;0;0;0;0;0;0;0;0;0;0;0;0;0;0;0;0;0;0;1;0;0;0;0;0;0;0;0;1;0;0;0;0;0;0;0;0;0;0;0;0;0;0;0;0;1;0;1;2;0;0;0;0;0;0;1;0;1;1;0;1;0;0;0;2;0;1;0;0;0;0;1;0;0;0;0;0;0;0;1;0;1;0
Esmeraldas;0803;Muisne;0;0;0;0;0;0;0;0;0;0;0;0;0;0;0;0;0;0;0;0;0;0;0;0;2;0;0;0;0;0;0;0;0;0;0;0;0;0;0;0;0;0;0;1;0;0;0;1;0;0;0;0;0;0;0;0;0;0;0;0;0;0;0;0;0;0;0;0;0;0;0;0;0;0;0;0;0;0;0;0;0;0;1;0;0;0;0;1;0;0;0;0;0;0;0;0;1;0;0;0;0;0;0;0;0;0;0;0;0;1;0;1;0;0;0;0;0;0;0;0;0;0;1;0;0;0;0;0;0;0;0;0;1;0;0;0;0;1;0;0;0;0;0;0;0;0
Esmeraldas;0804;Quininde;1;2;1;1;0;3;1;4;2;1;2;2;2;1;0;0;3;2;3;2;5;4;1;0;2;0;1;0;1;2;0;0;2;1;5;0;1;1;0;2;0;1;1;0;1;0;2;2;1;4;3;0;3;2;2;0;2;1;5;2;1;2;0;2;2;0;0;0;1;0;0;1;4;0;0;0;0;0;0;2;5;0;2;2;0;2;1;1;1;1;2;1;1;2;0;0;1;1;1;4;2;0;2;0;1;2;4;2;2;0;0;2;5;2;0;8;0;2;2;1;1;1;0;0;1;3;2;1;0;1;0;1;1;2;3;6;1;2;1;2;2;0;1;0;5;1
Esmeraldas;0805;San Lorenzo;0;1;0;1;0;0;0;0;2;1;0;2;0;2;0;0;1;0;0;0;0;1;0;0;1;0;0;0;0;1;1;0;0;0;0;0;0;0;1;0;0;0;0;0;2;0;1;0;0;1;1;0;0;0;0;0;0;0;0;1;1;1;0;0;0;0;1;2;0;0;1;0;0;0;0;0;1;0;0;1;0;0;0;0;0;0;0;0;0;0;0;0;0;0;0;3;1;0;1;1;1;1;0;0;0;0;0;0;0;0;2;0;0;2;1;0;0;1;0;0;0;0;0;0;0;0;0;2;3;0;0;2;0;1;0;0;0;0;0;0;1;0;2;1;0;0
Esmeraldas;0806;Atacames;0;0;0;1;0;1;2;1;0;0;0;0;0;0;0;3;0;0;0;0;0;1;1;0;0;0;0;0;1;0;0;1;0;0;0;0;1;0;0;1;0;0;0;0;1;0;2;0;0;0;0;0;0;1;0;0;0;0;0;0;0;0;1;0;0;0;1;0;0;0;0;0;0;1;0;0;0;2;0;0;0;0;1;1;0;0;0;0;0;0;1;0;0;1;0;0;0;0;0;1;0;0;2;0;1;0;1;0;0;0;0;0;0;0;1;1;1;1;0;0;0;0;0;1;0;0;1;0;0;0;1;0;1;0;0;0;1;0;0;0;0;0;1;0;0;1
Esmeraldas;0807;Rioverde;1;0;0;0;0;1;0;0;0;0;0;0;0;0;1;0;0;0;0;0;0;0;0;0;0;0;0;0;0;0;0;0;0;0;0;0;1;0;0;0;0;0;0;0;0;0;0;0;0;0;0;0;0;0;0;0;0;0;0;0;0;0;0;0;0;0;0;0;0;1;0;0;0;0;0;0;0;0;0;0;1;0;0;0;0;0;0;0;0;0;0;0;0;0;0;0;0;0;0;0;0;0;0;0;0;0;0;1;0;0;0;0;0;0;0;0;0;0;0;0;0;0;0;0;0;1;0;0;0;1;1;0;0;0;0;0;0;0;0;0;0;0;0;0;0;0
Guayas;0901;Guayaquil;126;114;108;144;160;177;153;141;150;158;173;164;181;174;148;144;136;139;145;128;133;125;123;106;130;111;105;132;131;128;119;120;124;144;129;123;111;103;135;91;153;127;164;117;98;108;119;130;121;119;113;100;92;99;113;122;124;129;155;194;144;134;137;145;168;193;181;193;186;184;202;166;145;125;92;28;83;117;141;139;147;154;153;142;204;191;160;175;173;173;199;229;191;203;202;255;286;237;277;253;297;292;299;308;320;331;387;400;347;345;400;305;338;338;338;340;319;396;389;431;240;219;218;222;231;208;263;245;243;252;256;272;235;196;226;193;245;198;192;175;178;203;199;185;154;149
Guayas;0902;Alfredo Baquerizo Moreno (Jujan);0;1;2;0;0;0;0;0;0;0;0;0;1;0;1;0;0;0;0;0;0;0;1;0;0;0;0;0;0;0;0;0;0;0;1;0;0;0;0;0;0;0;0;0;0;0;0;0;0;0;0;0;0;0;0;0;0;1;0;0;0;0;0;0;0;0;1;0;0;1;0;0;0;0;0;0;0;0;0;0;0;1;0;0;0;0;0;0;0;1;1;1;1;0;0;0;0;0;3;1;1;0;1;1;0;0;0;4;4;0;0;0;0;2;2;1;0;0;0;0;2;2;2;0;1;0;0;0;2;1;2;0;1;0;0;0;1;2;1;1;0;0;1;0;1;0
Guayas;0903;Balao;1;1;0;1;1;0;0;0;1;0;0;0;0;1;1;0;0;2;2;2;1;1;0;0;0;0;1;1;3;2;0;1;2;0;1;0;0;0;0;1;4;2;0;3;0;1;0;0;1;1;1;1;3;1;2;2;2;1;3;1;1;1;2;2;0;5;0;1;6;1;2;0;1;2;0;0;0;0;0;0;0;0;1;1;2;0;1;2;1;1;0;0;0;0;0;2;0;1;1;1;0;1;6;5;4;3;4;0;1;2;3;3;1;0;2;1;1;3;2;0;0;1;0;1;0;0;1;0;1;0;1;1;0;0;0;0;0;2;0;0;0;0;2;0;0;1
Guayas;0904;Balzar;0;1;2;1;1;2;1;0;1;3;2;1;0;1;0;1;1;0;1;1;1;0;0;1;1;0;4;0;0;0;1;1;1;1;0;0;1;2;0;0;0;0;1;1;1;1;1;0;1;0;0;0;0;0;0;1;2;1;0;1;1;2;1;4;1;0;1;0;2;1;2;0;1;2;0;0;0;1;0;0;0;1;2;2;6;1;4;2;1;4;6;1;5;6;5;7;6;6;7;5;3;6;9;4;9;5;9;8;4;4;3;7;5;4;6;4;3;9;2;10;2;5;3;4;5;6;4;6;1;10;3;6;4;4;2;3;11;13;7;9;7;11;5;8;11;5
Guayas;0905;Colimes;0;0;0;0;0;0;0;0;0;0;0;0;0;0;0;0;1;1;0;0;0;0;0;0;0;0;0;0;1;0;0;0;2;0;0;0;0;1;0;0;0;0;0;0;1;1;0;0;0;0;0;1;0;1;0;0;0;0;0;0;0;0;0;0;0;0;0;0;0;0;0;0;0;1;0;0;0;0;1;0;0;0;0;0;0;0;0;0;0;0;0;0;0;0;0;0;1;1;0;0;0;0;1;2;1;1;2;1;0;1;1;1;0;0;0;1;0;0;0;1;1;0;1;0;0;0;0;0;0;2;0;0;0;0;0;0;0;0;0;0;0;0;0;1;0;0
Guayas;0906;Daule;1;2;0;0;0;0;0;1;3;1;2;2;3;1;3;0;0;1;2;1;5;3;1;1;2;1;3;1;2;1;2;2;2;1;2;1;0;2;2;1;0;0;0;0;1;1;0;0;2;0;0;2;2;2;2;0;1;3;0;1;2;3;4;2;0;5;5;2;0;5;2;2;3;4;3;0;1;2;4;2;5;2;3;1;3;5;1;0;2;5;2;6;4;3;5;3;5;0;2;1;4;5;2;8;12;14;3;11;5;4;3;3;1;5;3;4;4;3;9;4;1;2;5;5;4;1;3;4;2;10;2;2;4;1;8;2;3;3;10;11;9;4;6;5;7;10
Guayas;0907;Duran;12;10;9;5;8;8;8;3;13;8;6;9;2;13;3;9;9;5;6;5;8;15;8;15;5;5;9;6;5;5;12;5;9;5;10;6;11;6;8;6;7;3;4;1;7;6;13;10;5;8;5;10;16;7;16;6;7;14;17;10;6;9;8;8;18;9;18;15;11;17;10;17;10;15;12;2;3;15;16;9;21;17;12;17;19;17;16;30;14;27;22;32;37;40;30;38;47;28;25;25;30;29;33;30;31;39;27;49;36;17;32;32;33;38;21;18;23;26;33;36;14;20;13;17;22;15;19;23;15;17;21;20;26;25;19;27;14;15;13;13;19;18;26;24;19;17
Guayas;0908;El Empalme;0;2;0;0;1;1;3;3;4;3;1;3;1;0;3;1;1;1;3;0;0;4;1;1;0;4;2;2;0;3;1;1;2;4;5;0;0;0;3;0;3;3;1;3;1;0;1;2;3;0;0;2;2;0;3;3;2;2;1;2;0;1;5;1;3;3;3;1;0;4;1;1;4;1;0;0;0;3;5;1;5;6;5;1;3;2;3;7;3;6;10;7;6;3;7;4;2;4;4;3;5;5;5;3;7;3;13;12;3;3;4;3;4;9;14;11;8;19;13;2;10;13;6;10;6;6;12;14;5;9;3;9;15;2;11;6;8;9;11;5;6;9;5;4;5;5
Guayas;0909;El Triunfo;0;1;2;2;1;1;2;1;3;0;2;0;3;2;0;0;1;1;1;0;0;1;0;0;1;0;1;0;0;0;1;0;1;1;0;0;1;0;0;0;0;0;0;2;1;0;1;1;1;0;0;0;2;0;0;0;0;1;4;3;2;3;3;1;1;3;0;1;1;0;3;2;1;1;1;0;0;2;1;1;1;0;0;1;0;1;1;2;0;2;2;1;1;2;5;5;2;3;6;4;2;4;5;2;9;3;5;4;3;2;3;4;2;4;4;6;8;6;11;11;2;3;7;7;4;2;6;2;0;5;1;3;2;3;6;5;16;5;5;5;6;3;4;3;1;0
Guayas;0910;Milagro;2;2;1;0;1;1;0;3;0;1;1;0;2;4;1;1;3;3;2;1;1;1;0;3;2;0;2;1;1;1;1;3;3;0;2;1;1;1;1;1;1;0;1;1;3;0;1;2;2;0;1;2;1;0;1;2;3;3;4;4;3;2;3;3;4;0;2;1;2;1;0;3;4;2;0;0;0;2;2;1;1;1;1;1;4;3;3;1;0;3;4;6;5;2;5;3;3;4;8;5;4;3;6;8;14;13;8;5;3;2;4;1;2;5;4;5;3;1;7;5;6;1;5;6;7;11;5;6;2;4;5;4;9;2;4;6;4;4;2;2;7;3;3;2;4;4
Guayas;0911;Naranjal;4;2;3;0;5;2;2;0;1;4;4;3;0;2;0;2;1;2;2;2;2;2;2;1;0;1;1;1;3;0;2;5;1;0;3;4;1;4;1;5;5;3;3;3;1;2;4;3;1;4;8;2;2;1;2;0;1;5;0;4;1;3;4;1;3;2;5;0;1;1;3;1;3;2;2;1;0;2;3;2;2;3;2;0;4;2;3;3;2;2;3;5;3;3;3;4;2;7;6;5;4;4;4;7;5;3;8;6;6;3;9;7;6;0;3;3;3;7;5;8;1;0;6;1;7;2;1;2;3;0;0;1;2;4;5;5;2;2;1;4;6;6;7;5;0;5
Guayas;0912;Naranjito;0;2;0;0;0;0;2;2;1;1;1;0;1;0;0;1;0;0;1;1;1;1;1;0;0;1;3;0;0;0;0;0;1;0;1;0;0;0;0;0;0;1;3;0;0;0;0;0;0;1;0;1;0;0;1;0;0;1;0;0;2;0;0;0;0;0;0;0;0;0;0;0;0;0;0;0;0;0;2;0;0;0;0;0;0;0;1;0;0;0;0;1;0;2;1;1;0;0;0;0;2;0;1;0;2;2;0;0;0;1;1;2;1;0;0;3;4;4;3;2;0;0;0;1;0;2;2;0;0;0;0;0;0;0;0;0;1;0;1;0;0;0;1;0;1;0
Guayas;0913;Palestina;0;0;0;0;0;0;0;0;1;1;0;1;0;0;0;0;0;0;0;0;0;0;0;0;0;2;0;0;1;0;0;0;0;1;0;1;0;0;0;0;0;0;0;0;1;0;0;0;0;0;0;0;0;0;0;0;0;0;0;0;0;0;0;0;0;1;0;0;0;1;0;0;0;0;0;0;0;0;0;1;0;1;0;0;0;0;0;1;2;1;2;1;0;0;0;1;2;1;0;1;0;0;0;1;1;0;1;1;3;0;1;1;1;1;1;2;1;1;0;0;0;0;0;0;1;0;0;0;0;0;0;0;1;0;1;2;0;0;2;1;0;0;0;0;0;0
Guayas;0914;Pedro Carbo;0;1;0;0;0;0;0;2;0;0;2;1;0;1;0;0;1;0;1;0;0;0;0;1;1;0;0;1;0;1;4;1;1;0;0;1;1;0;0;0;0;0;1;0;1;0;1;0;1;0;0;0;2;1;0;0;0;1;0;0;0;0;0;0;0;0;0;0;1;0;0;0;0;0;0;0;0;1;0;0;1;1;0;0;0;0;0;1;0;0;0;0;0;0;0;0;0;1;1;0;0;3;1;2;1;1;2;0;0;0;0;3;1;0;1;1;1;0;4;0;2;0;0;1;0;0;3;1;3;1;2;1;1;3;3;1;1;0;3;1;1;0;1;2;0;0
Guayas;0916;Samborondon;2;1;1;2;1;1;0;0;1;1;2;9;1;4;1;3;2;0;2;2;6;1;3;0;4;3;1;1;1;0;2;0;0;2;0;2;0;0;2;3;0;1;1;0;3;1;0;0;0;0;2;0;0;0;1;1;0;1;0;2;0;2;0;4;4;0;2;1;0;1;0;1;2;0;2;2;2;0;0;3;1;2;3;0;0;2;2;3;5;1;3;1;0;1;1;0;0;0;1;3;0;1;2;7;6;3;1;3;0;4;0;1;0;4;3;3;2;2;2;3;2;2;1;4;0;2;0;0;0;1;2;2;1;2;1;0;1;3;2;3;1;3;1;0;1;1
Guayas;0918;Santa Lucia;0;0;0;0;0;0;0;0;3;2;0;0;0;2;0;0;1;0;1;0;0;0;1;0;0;0;0;0;1;1;1;1;1;1;0;0;1;0;1;0;1;0;0;0;1;1;0;0;0;1;0;0;1;1;1;1;0;2;0;0;0;0;0;0;0;0;0;0;0;0;0;1;0;0;0;0;1;0;2;0;3;1;0;0;1;0;2;1;0;1;0;0;0;0;0;0;0;0;0;1;1;1;2;1;0;1;2;0;1;2;0;1;1;1;0;0;1;1;0;2;1;0;1;2;0;0;1;1;1;1;3;0;1;1;1;1;2;1;1;1;1;1;1;1;1;1
Guayas;0919;Salitre (Urbina Jado);3;0;2;0;2;0;1;2;2;0;0;1;1;0;2;0;0;1;0;0;0;2;1;0;1;2;2;2;0;1;0;1;2;1;0;0;0;0;0;0;1;1;0;1;0;0;0;0;1;1;0;0;0;0;0;1;1;0;0;1;0;0;0;0;0;0;0;0;1;0;0;0;0;0;0;0;0;1;0;0;0;1;0;0;1;0;0;0;1;0;1;0;0;0;0;0;0;0;1;0;2;0;0;0;1;2;0;1;0;0;0;0;0;2;0;0;0;1;1;1;0;1;0;0;0;1;0;2;0;1;1;0;1;0;1;1;2;1;0;1;0;1;2;1;0;0
Guayas;0920;San Jacinto De Yaguachi;5;3;1;2;9;3;1;4;3;5;3;3;5;3;7;2;0;3;4;0;0;1;2;4;1;0;3;1;1;1;3;3;2;0;1;0;3;1;1;2;3;0;1;4;3;2;4;1;2;3;0;3;2;2;0;4;3;4;3;1;3;3;3;1;3;2;3;2;3;7;2;3;3;0;1;0;0;1;6;4;3;2;9;3;4;1;3;2;1;1;4;5;3;4;1;5;3;3;6;6;3;4;5;7;8;5;17;10;7;5;6;5;4;9;5;6;9;13;7;16;7;5;12;10;11;9;14;6;10;10;4;2;13;6;5;11;8;20;13;7;8;13;13;8;6;5
Guayas;0921;Playas;3;3;1;3;1;1;2;2;1;2;1;1;2;1;0;2;0;1;4;2;5;3;3;1;3;1;5;6;2;2;3;1;1;0;2;1;1;1;1;1;1;1;1;3;1;1;1;1;2;3;2;1;4;2;0;0;2;3;0;1;0;2;3;2;2;1;0;3;0;1;5;3;2;2;0;0;2;1;2;3;1;3;6;3;3;6;4;0;1;4;5;4;2;1;0;1;5;2;3;3;1;3;5;3;3;3;8;6;7;4;3;2;6;7;9;12;2;2;5;6;5;4;5;4;8;5;1;8;4;4;2;7;2;4;7;2;4;2;4;1;0;4;4;6;7;11
Guayas;0922;Simon Bolivar;0;0;0;0;0;0;0;0;0;0;0;0;0;0;0;0;0;0;0;0;0;0;0;0;1;0;0;0;0;1;1;0;0;0;0;0;0;0;0;0;0;1;0;0;0;0;0;0;0;0;0;0;0;0;0;0;0;0;0;0;1;0;0;0;0;0;0;0;0;0;0;0;0;0;0;0;0;0;0;0;0;0;0;0;1;0;2;0;1;1;0;0;0;0;1;0;1;3;2;1;0;0;2;1;1;1;4;3;3;3;1;1;5;1;0;1;4;2;2;1;1;0;1;0;0;1;0;0;0;1;0;0;1;1;0;3;1;0;1;0;2;0;0;3;1;0
Guayas;0923;Coronel Marcelino Maridueña;0;1;1;0;0;0;0;0;0;0;0;0;0;0;0;0;0;0;0;0;0;0;0;0;0;0;0;0;0;0;0;0;0;0;1;0;0;1;0;0;0;0;0;0;1;0;0;0;0;1;0;1;0;0;0;0;0;0;0;0;1;0;0;0;0;0;0;0;0;0;0;0;0;0;0;0;0;0;0;0;0;0;0;0;0;0;0;0;0;0;0;0;0;0;0;0;0;1;0;0;0;0;0;0;0;2;1;0;0;0;0;4;0;0;0;0;0;0;0;0;0;0;0;0;0;0;1;0;0;0;0;0;0;0;0;1;0;0;0;0;0;0;0;0;1;0
Guayas;0924;Lomas De Sargentillo;0;0;0;0;1;0;0;0;1;0;0;0;0;0;0;0;0;0;0;0;0;1;0;0;0;0;0;0;0;1;0;0;0;0;0;0;0;0;0;0;0;0;0;0;0;0;0;0;0;0;0;0;0;0;0;0;0;0;0;0;1;1;0;0;1;0;0;0;0;0;1;0;0;0;2;0;0;0;1;0;0;0;0;0;0;0;0;0;0;0;0;0;0;0;0;0;1;0;1;1;0;0;0;0;1;0;0;0;0;0;1;0;0;0;0;0;0;0;0;0;0;0;0;1;0;0;0;1;0;0;0;0;0;0;0;3;0;1;0;0;0;1;0;0;0;2
Guayas;0925;Nobol;3;2;0;0;0;0;0;2;0;0;0;1;1;2;0;2;1;0;0;0;0;0;0;1;1;1;1;1;2;1;2;3;2;0;1;0;1;1;0;0;0;1;0;1;1;0;0;0;0;0;3;1;0;1;0;1;0;0;1;0;1;0;1;1;2;0;2;0;2;2;1;0;1;0;0;0;0;1;0;1;2;3;3;0;1;1;0;1;0;2;0;2;1;0;0;1;1;1;0;0;2;2;2;5;1;4;4;1;2;0;0;2;3;1;1;1;1;1;3;1;2;2;1;0;1;2;0;5;0;0;1;3;3;4;3;2;3;2;3;2;1;4;6;4;1;2
Guayas;0927;Gral Antonio Elizalde;0;0;0;0;0;0;0;0;0;0;0;0;0;0;0;0;0;0;0;0;0;0;0;0;0;0;0;0;0;0;0;0;0;0;0;1;0;0;0;0;0;0;0;0;0;0;0;0;0;1;0;0;0;0;1;0;0;1;0;1;0;0;0;0;0;0;0;0;0;0;0;0;0;0;0;0;0;0;0;0;0;2;0;0;0;0;1;0;0;0;2;0;0;0;0;0;0;0;3;0;0;0;0;0;0;0;1;0;0;1;0;0;0;0;0;0;0;0;0;1;0;0;0;0;0;0;0;0;0;0;0;0;0;0;0;0;0;0;0;0;2;0;0;0;0;0
Guayas;0928;Isidro Ayora;0;0;0;0;0;0;0;0;0;0;0;0;0;0;0;0;0;0;0;0;0;0;0;1;0;0;0;0;0;1;1;0;0;0;0;0;0;0;0;0;0;0;0;1;0;0;0;0;0;0;0;0;0;0;1;0;0;0;1;0;0;0;1;0;0;1;0;0;0;0;1;0;0;0;0;0;0;0;0;0;1;0;0;0;0;0;0;0;0;0;0;1;0;0;0;0;0;0;0;0;0;1;0;1;0;0;0;0;0;0;1;0;0;0;0;0;0;0;0;0;1;2;0;1;1;1;0;0;0;0;0;0;0;0;1;0;0;1;0;0;0;0;0;0;0;1
Imbabura;1001;Ibarra;5;6;3;2;1;1;2;1;3;1;0;2;2;0;3;2;3;2;3;0;1;2;1;5;2;1;1;1;1;3;2;2;1;0;0;1;5;3;1;0;4;1;2;0;1;0;0;2;3;0;1;1;1;0;0;1;0;1;1;1;1;0;2;0;1;0;0;1;3;2;0;2;0;0;2;0;1;2;0;1;0;0;0;1;0;2;1;3;2;3;3;5;4;0;1;1;1;1;1;0;3;0;5;3;1;6;7;5;2;0;2;3;2;0;0;1;5;4;6;12;4;7;5;7;9;15;8;8;9;16;5;8;6;4;15;19;11;7;6;5;4;8;12;8;5;1
Imbabura;1002;Antonio Ante;1;0;0;0;0;0;0;0;1;0;1;0;0;0;0;0;1;1;0;1;0;0;0;0;0;1;0;0;0;0;0;1;0;0;0;0;0;0;0;0;0;0;0;0;0;0;0;1;1;0;0;1;0;0;0;1;0;0;1;0;0;0;0;0;0;1;0;0;0;0;2;0;0;2;0;0;0;1;0;0;0;0;0;0;0;0;0;0;0;0;0;0;0;0;0;0;1;0;0;2;0;0;0;1;0;0;1;1;0;2;0;1;1;1;2;0;0;1;2;1;0;0;0;1;3;0;0;0;0;0;0;0;0;0;1;3;0;2;0;0;0;2;1;1;1;1
Imbabura;1003;Cotacachi;0;0;0;0;0;0;0;1;0;0;0;0;0;0;1;0;0;1;0;1;1;1;0;1;0;0;0;1;0;0;0;0;0;0;0;0;0;0;0;0;0;0;0;0;0;0;0;0;0;0;0;0;0;0;0;0;0;0;0;0;0;1;0;0;0;0;0;0;0;0;0;0;0;0;0;0;0;0;0;0;0;0;0;0;0;0;0;0;0;0;1;0;0;0;0;0;0;0;0;0;0;0;0;0;0;0;0;1;0;0;0;2;0;0;0;0;0;1;0;0;0;0;1;0;0;1;0;0;1;0;0;4;0;0;2;0;2;1;0;1;2;1;2;1;0;1
Imbabura;1004;Otavalo;1;0;0;1;0;1;1;0;1;0;0;0;0;0;1;0;0;1;0;0;1;0;0;1;0;1;0;2;2;0;0;0;1;0;0;1;0;0;0;0;0;0;0;2;0;0;1;2;1;1;1;0;2;0;1;3;0;2;1;0;1;0;1;0;1;0;0;1;1;0;0;0;1;3;0;0;0;1;2;1;2;2;0;0;0;1;0;0;1;2;3;0;1;1;3;1;1;0;0;0;0;2;0;0;1;1;1;3;0;0;2;0;3;1;0;6;1;1;0;3;0;2;0;0;2;0;0;1;1;0;1;0;0;0;1;3;0;0;1;0;4;0;1;1;3;2
Imbabura;1005;Pimampiro;0;0;1;0;0;0;1;0;0;0;0;0;0;0;0;0;1;0;0;0;0;0;0;0;0;0;0;0;0;0;0;0;0;0;0;1;0;0;0;0;0;0;0;0;0;0;0;0;0;0;0;0;0;0;0;0;0;0;0;0;0;0;0;0;0;0;0;0;0;0;0;0;0;0;0;0;0;0;0;0;0;0;0;0;0;0;0;0;0;0;0;0;0;0;0;0;0;0;0;0;0;0;0;0;0;0;0;0;0;0;0;0;0;0;0;0;0;0;0;0;0;0;0;0;0;0;0;0;0;0;0;0;0;0;0;0;0;0;0;0;0;0;0;0;0;0
Imbabura;1006;San Miguel De Urcuqui;0;0;0;0;0;0;0;0;0;0;0;0;0;0;0;0;0;0;0;0;0;0;0;0;0;0;0;0;0;0;0;0;0;0;0;0;0;0;0;0;0;0;0;1;0;0;0;0;0;0;0;0;0;0;0;0;0;0;0;0;0;0;1;0;0;0;0;0;0;0;0;0;0;0;0;0;0;0;0;0;0;0;0;0;0;0;0;0;0;0;0;0;0;0;0;0;0;0;0;0;0;0;0;0;0;0;0;0;0;0;0;0;0;0;0;0;0;0;1;1;0;1;0;0;0;0;0;0;0;0;0;0;1;1;1;0;0;1;0;1;0;0;0;0;1;0
Loja;1101;Loja;0;5;7;4;7;0;3;5;3;3;2;1;2;2;3;3;5;2;0;2;3;2;5;7;2;1;4;0;5;1;5;8;4;0;2;5;2;3;4;2;2;1;2;3;4;0;0;2;7;7;2;3;1;1;2;1;0;3;2;2;1;0;1;1;6;4;1;2;0;2;3;0;2;0;0;0;0;5;0;0;1;0;1;0;0;0;0;1;0;0;1;1;1;1;1;0;0;1;0;1;1;1;0;1;4;2;6;4;1;0;4;1;1;0;1;3;4;1;2;0;1;1;0;2;0;1;0;0;2;0;0;0;0;0;0;0;2;2;2;0;0;1;1;0;0;1
Loja;1102;Calvas;0;0;0;1;0;0;0;0;0;0;0;0;0;0;0;0;0;0;0;0;1;0;0;1;0;0;0;0;0;0;0;0;0;0;0;1;0;0;0;0;0;0;0;0;0;0;0;0;1;0;0;0;0;0;0;0;0;0;0;0;0;0;0;0;0;0;0;1;0;0;0;0;0;0;0;0;0;0;0;0;0;0;0;0;0;0;0;0;0;0;1;0;0;0;0;0;0;0;0;0;0;0;0;0;0;0;0;0;0;0;0;0;0;0;0;0;0;0;0;0;0;0;0;0;0;0;0;0;0;0;0;0;0;0;0;0;0;0;0;0;0;0;0;0;0;0
Loja;1103;Catamayo;0;0;0;0;1;0;0;0;0;0;0;1;0;1;0;0;0;0;0;0;2;0;0;0;0;0;0;0;0;0;0;0;0;0;1;0;0;0;0;0;0;0;0;0;1;0;0;0;1;0;0;0;1;0;0;0;0;0;0;0;0;0;0;1;0;0;1;1;0;0;0;1;0;0;0;0;0;0;0;0;0;0;0;0;0;0;0;0;0;0;0;0;0;0;0;0;1;1;1;0;0;0;0;0;0;0;0;2;0;0;0;0;0;0;1;0;1;1;0;0;0;0;0;0;0;0;0;0;0;0;0;0;0;0;0;1;0;0;0;0;0;1;0;0;0;0
Loja;1104;Celica;0;0;0;1;0;0;0;0;0;0;0;0;0;1;0;0;0;0;0;0;0;0;0;0;0;0;0;0;0;0;0;0;0;0;0;0;0;0;0;0;0;0;0;0;0;0;0;0;0;0;0;0;0;0;0;0;0;0;0;0;0;0;0;0;0;0;0;0;0;0;0;0;0;0;0;0;0;0;0;0;0;0;0;0;0;0;0;0;0;0;0;0;0;0;0;0;0;0;0;0;0;0;0;0;0;0;0;0;0;0;0;0;1;0;0;0;0;0;0;0;0;0;0;0;0;0;0;1;0;0;0;0;0;0;0;0;0;0;0;0;0;0;0;0;0;0
Loja;1105;Chaguarpamba;0;0;0;0;0;0;0;0;0;0;0;0;0;0;0;0;0;0;0;0;0;0;0;0;0;0;0;0;0;0;0;0;0;0;0;0;0;0;0;0;0;0;0;0;0;0;0;0;0;0;0;0;0;0;0;0;0;0;1;1;0;0;0;0;0;0;1;0;0;0;0;0;0;0;0;0;0;0;0;0;0;0;0;0;0;0;0;0;0;0;0;0;0;0;0;0;1;0;0;0;0;0;0;0;0;0;0;2;0;0;0;0;0;0;1;1;1;1;0;0;0;0;0;0;0;1;0;0;0;0;0;0;0;0;0;0;0;0;0;0;0;0;0;0;0;0
Loja;1106;Espindola;0;0;0;0;0;0;0;0;0;0;1;0;0;0;0;0;0;0;0;0;0;0;0;0;0;0;0;0;0;0;0;0;0;0;0;0;0;0;0;0;0;0;0;0;0;0;0;0;0;0;0;0;0;0;0;0;0;0;0;0;0;0;0;0;0;0;0;0;0;0;0;0;0;0;0;0;0;0;0;0;0;0;0;0;0;0;0;1;0;0;0;0;0;0;0;0;0;0;0;0;0;0;0;0;0;0;0;0;0;0;0;0;0;0;0;0;0;0;0;0;0;0;0;0;0;0;0;0;0;0;0;0;0;0;0;0;0;0;0;0;0;0;0;0;0;0
Loja;1107;Gonzanama;0;0;0;0;0;0;0;0;0;0;0;0;0;1;0;0;0;0;0;0;0;0;0;0;0;0;0;0;0;0;0;0;0;0;0;0;0;0;0;0;0;0;0;0;0;0;0;0;0;0;0;0;0;0;0;0;0;0;0;0;0;0;0;0;0;0;0;0;0;0;0;0;0;0;0;0;0;0;0;0;0;0;0;0;0;0;0;0;0;0;0;0;0;0;0;0;0;0;1;1;0;0;0;0;0;0;0;0;0;0;0;0;0;0;0;0;0;0;0;0;0;0;0;0;0;0;0;0;0;0;0;0;0;0;0;0;0;0;0;0;0;0;0;0;0;0
Loja;1108;Macara;0;0;0;0;0;1;1;0;0;0;0;0;0;0;0;0;1;0;0;0;0;0;0;0;0;0;0;0;0;0;0;0;0;0;0;0;0;0;0;0;0;0;0;0;0;0;0;0;0;0;0;0;0;0;0;0;0;0;0;0;0;0;0;0;0;0;0;0;0;0;0;0;0;0;0;0;0;0;0;0;0;0;0;0;0;0;0;0;0;0;0;0;0;0;0;3;0;1;0;0;0;0;0;0;0;0;0;0;0;0;0;0;0;0;0;0;0;0;0;1;0;0;0;0;0;0;0;0;0;0;0;0;0;0;0;0;0;1;0;0;0;0;0;1;0;0
Loja;1109;Paltas;0;0;0;1;0;0;0;0;0;0;0;1;0;0;0;0;0;0;0;0;0;0;0;0;0;0;0;1;0;0;0;0;0;0;0;0;0;1;0;0;0;0;0;0;0;0;0;0;0;0;0;0;0;0;0;0;0;0;0;0;0;0;0;0;0;0;0;0;0;0;0;0;0;0;0;0;0;0;0;0;0;0;0;0;0;0;0;0;0;0;0;0;0;0;0;0;0;0;0;0;0;0;0;0;0;0;0;0;0;0;0;0;0;0;0;0;0;0;0;0;0;0;0;0;0;0;0;0;0;0;0;0;0;0;0;0;0;0;1;0;0;0;0;0;0;0
Loja;1110;Puyango;0;0;0;0;0;0;0;0;0;0;0;0;0;0;0;0;0;0;0;0;0;0;0;0;0;0;0;0;0;0;0;0;0;0;0;0;0;1;0;1;0;0;0;0;0;0;0;0;0;0;0;0;0;0;0;1;0;0;0;0;0;0;0;0;0;0;0;0;0;0;0;0;0;0;0;0;0;0;0;0;0;0;0;0;0;0;0;0;0;0;1;0;0;0;0;0;0;0;0;0;0;0;0;0;0;0;0;0;0;0;0;0;0;0;0;0;0;0;0;0;1;0;0;0;0;0;0;0;0;0;0;0;0;0;0;0;0;1;0;0;0;0;0;0;0;0
Loja;1111;Saraguro;0;0;0;1;0;0;0;0;0;0;0;0;0;0;0;0;0;0;0;0;1;0;0;0;0;0;0;0;0;0;0;1;0;0;0;0;0;0;0;0;0;0;0;0;0;0;0;0;0;0;1;0;0;0;0;0;0;0;0;0;0;0;0;0;0;0;0;0;0;0;0;0;0;0;0;0;0;0;0;0;0;0;0;0;0;0;0;0;0;0;0;0;0;0;0;0;0;0;0;0;0;0;0;0;0;1;0;0;0;0;0;0;0;0;0;0;0;0;0;0;0;0;0;0;0;0;0;0;0;0;0;0;0;0;0;0;0;0;0;0;0;0;0;0;0;0
Loja;1112;Sozoranga;0;0;0;0;0;0;0;0;0;0;0;0;0;0;0;0;0;0;0;0;0;0;0;0;0;0;0;0;0;0;0;0;0;0;0;0;0;0;0;0;0;0;0;0;0;0;0;0;0;0;0;0;0;0;0;0;0;0;0;0;0;0;0;0;0;0;0;0;0;0;0;0;0;0;0;0;0;0;0;0;0;0;0;0;0;0;0;0;0;0;0;0;0;0;0;0;0;0;0;0;0;0;0;0;0;0;0;0;0;0;0;0;0;0;0;0;0;0;0;0;0;0;0;0;0;0;0;0;0;0;0;0;0;0;0;0;0;0;0;0;0;0;0;0;0;0
Loja;1113;Zapotillo;0;0;0;0;0;0;0;0;0;0;0;0;0;0;0;0;0;0;0;1;0;0;0;0;0;0;0;0;0;0;0;0;0;0;0;0;0;0;0;0;0;0;0;0;0;0;0;0;0;0;0;0;0;0;0;0;0;0;0;0;0;0;0;0;0;0;0;0;0;0;0;0;0;0;0;0;0;0;0;0;0;0;0;0;0;0;0;0;0;0;0;0;0;0;0;0;0;0;0;0;0;0;0;0;0;0;1;0;0;0;0;0;0;0;0;0;0;0;0;0;0;0;0;0;0;0;0;0;0;0;0;0;0;0;0;0;0;0;0;0;0;0;0;0;0;0
Loja;1114;Pindal;0;0;0;0;0;0;0;0;0;0;0;0;0;0;0;0;0;0;0;0;0;0;0;0;0;0;0;0;0;0;0;0;1;0;0;1;0;0;0;0;0;0;0;0;0;0;0;0;0;0;0;0;0;0;0;0;0;0;0;0;0;0;0;0;0;0;0;0;0;0;0;0;0;0;0;0;0;0;0;0;0;0;0;0;0;0;0;0;0;0;0;0;0;0;0;0;0;0;0;0;0;0;0;0;0;0;0;0;0;0;0;0;0;0;0;0;0;0;0;0;0;0;0;0;0;0;0;0;0;0;0;0;0;0;0;0;0;0;1;0;0;0;0;0;0;0
Loja;1115;Quilanga;0;0;0;0;0;0;0;0;0;0;0;0;0;0;0;0;0;0;0;0;0;0;0;0;0;0;0;0;0;0;0;0;0;0;0;0;0;0;1;0;0;0;0;0;0;0;0;0;0;0;0;0;0;0;0;0;0;0;0;0;0;0;0;0;0;0;0;0;0;0;0;0;0;0;0;0;0;0;0;0;0;0;0;0;0;0;0;0;0;0;0;0;0;0;0;0;0;0;0;0;0;0;0;0;0;0;0;0;0;0;0;0;0;0;0;0;0;0;0;0;0;0;0;0;0;0;0;0;0;0;0;0;0;0;0;0;0;0;0;0;0;0;0;0;0;0
Loja;1116;Olmedo;0;0;0;0;0;0;0;0;0;0;0;0;0;0;0;0;0;0;0;0;0;0;0;0;0;0;0;0;0;0;0;0;0;0;0;0;0;0;0;0;0;0;0;0;0;0;0;0;0;0;0;0;0;0;0;0;0;0;0;0;0;0;0;0;0;0;0;0;0;0;0;0;0;0;0;0;0;0;0;0;0;0;0;0;0;0;0;0;0;0;0;0;0;0;0;0;0;0;0;0;0;0;0;0;0;0;0;0;0;0;0;0;0;0;0;0;0;0;0;0;0;0;0;0;0;0;0;0;0;0;0;0;0;0;0;0;0;0;0;0;0;0;0;0;0;0
Los Ríos;1201;Babahoyo;0;4;2;3;1;1;1;1;1;2;5;0;1;0;3;2;2;0;1;1;2;2;0;1;1;2;1;1;0;0;1;2;4;1;3;1;1;0;4;2;1;1;0;1;2;0;1;2;2;0;3;0;0;0;2;0;0;1;2;3;1;3;2;1;1;0;2;0;1;3;4;0;3;4;1;1;2;2;4;1;0;0;0;2;5;2;6;2;0;4;5;10;2;2;1;2;5;4;8;2;1;1;3;5;9;10;14;25;7;7;3;2;2;5;6;4;6;9;13;8;6;5;3;8;4;6;3;2;3;0;4;4;2;4;4;0;2;2;6;5;8;7;5;3;3;6
Los Ríos;1202;Baba;1;0;0;0;0;0;0;0;0;0;0;0;0;0;0;1;0;0;0;0;0;0;0;0;0;0;1;0;0;0;0;0;1;0;1;0;0;0;1;0;1;0;0;0;0;0;0;0;0;0;0;0;0;0;0;0;0;0;0;0;0;0;0;0;0;0;0;1;0;0;0;0;0;0;0;0;0;1;0;0;0;0;0;1;0;0;0;0;0;0;0;0;0;1;0;2;0;0;1;0;0;0;0;1;1;0;0;1;1;1;0;2;0;0;1;1;0;0;0;1;1;0;0;1;0;0;0;0;1;1;0;0;0;1;0;0;4;1;0;0;0;1;2;0;1;1
Los Ríos;1203;Montalvo;0;0;0;0;0;0;0;0;0;0;0;0;0;0;0;0;0;0;0;0;0;0;0;0;0;0;0;0;0;0;0;0;1;0;0;0;0;0;0;1;1;0;0;0;0;0;0;0;0;0;0;0;0;0;1;0;0;0;0;0;0;0;0;1;1;0;0;0;0;1;0;0;0;0;0;0;0;0;0;0;0;0;0;0;0;0;0;0;0;0;0;0;1;2;0;0;0;0;0;1;0;2;1;0;1;0;0;1;0;0;3;0;1;1;0;0;0;0;0;0;0;0;0;0;0;0;0;0;0;0;1;0;0;0;0;0;0;0;0;0;0;0;0;0;0;0
Los Ríos;1204;Puebloviejo;1;3;0;1;0;0;1;0;0;0;0;0;0;0;0;0;0;1;1;1;0;1;1;0;0;1;0;1;0;1;0;3;0;1;0;1;0;1;0;0;0;0;0;0;0;0;0;0;0;0;0;0;1;0;0;0;0;0;0;0;2;0;1;0;0;0;1;2;0;0;0;1;0;1;0;0;0;0;0;0;0;0;1;0;1;0;1;0;0;0;1;1;0;0;0;0;0;0;1;2;1;0;1;5;0;0;4;2;1;5;1;4;3;5;3;1;1;2;3;2;0;0;1;0;0;0;0;0;1;0;1;0;0;3;3;0;0;2;2;0;1;0;0;0;1;0
Los Ríos;1205;Quevedo;7;8;10;9;10;9;5;12;10;0;6;7;10;4;4;3;5;9;5;3;4;7;4;6;3;0;4;5;8;8;8;6;1;1;8;8;4;3;6;2;0;2;3;7;4;6;4;8;4;8;5;6;7;4;4;3;3;4;6;6;6;4;4;5;6;5;14;13;8;12;10;16;9;10;9;7;8;10;19;12;22;12;19;13;31;19;24;16;20;11;28;27;18;21;32;34;27;26;38;40;51;55;70;73;79;90;68;86;34;20;37;42;40;48;34;43;56;60;40;48;29;14;34;42;28;41;41;30;18;35;38;29;33;36;33;37;26;18;20;4;16;16;18;16;13;11
Los Ríos;1206;Urdaneta;0;0;0;0;0;0;0;0;0;0;0;0;0;0;0;0;0;0;0;0;0;0;0;0;0;0;0;0;0;0;0;0;0;0;0;0;0;0;0;0;0;0;0;0;0;0;0;0;0;0;0;0;0;0;0;1;0;0;0;0;0;0;2;0;0;0;0;0;0;0;0;0;0;0;0;0;0;0;0;0;0;0;0;0;0;0;0;0;0;0;0;0;0;0;0;0;0;0;0;0;2;0;0;0;0;0;1;1;0;0;1;1;0;0;0;0;0;0;1;3;1;0;0;0;0;0;0;0;0;0;0;0;1;0;0;1;0;0;0;0;0;0;0;0;0;0
Los Ríos;1207;Ventanas;3;2;2;1;2;2;2;2;0;2;1;2;2;1;4;0;0;1;1;2;2;0;1;0;1;1;1;2;0;0;1;0;0;2;0;1;0;0;0;0;1;1;0;1;0;1;0;0;2;0;1;0;0;0;0;0;1;1;0;2;1;2;2;0;4;3;0;1;0;2;0;1;1;3;0;0;1;0;0;0;1;2;0;0;0;2;2;1;3;0;6;0;1;1;1;2;6;3;3;5;5;1;8;7;7;3;3;3;4;8;3;6;6;7;3;12;8;11;10;10;2;5;2;6;3;8;1;1;4;3;3;3;2;1;5;8;6;10;13;6;4;5;7;2;3;7
Los Ríos;1208;Vinces;1;0;0;1;0;0;0;3;0;0;0;0;0;1;1;0;0;2;0;0;0;0;0;0;0;0;2;0;0;1;0;0;1;0;0;0;0;0;0;0;2;1;0;1;0;0;0;0;1;0;1;0;1;0;0;0;0;0;0;1;0;0;0;0;0;0;0;0;0;0;0;1;0;0;1;1;1;3;1;0;0;0;2;0;0;1;2;1;0;1;1;1;0;1;0;0;0;1;1;2;1;6;4;8;4;3;3;1;2;3;1;2;0;7;6;3;1;3;0;1;4;0;1;1;1;0;0;1;3;3;0;2;0;0;4;1;2;1;2;0;1;1;1;1;0;0
Los Ríos;1209;Palenque;0;0;0;0;1;0;1;0;0;1;0;0;0;0;0;0;0;0;0;0;0;2;0;1;0;0;0;0;0;0;1;0;0;0;0;0;0;0;0;0;1;0;0;0;0;0;0;1;0;0;0;0;0;0;0;1;2;0;0;0;0;0;1;0;0;0;0;1;0;0;0;0;0;0;0;0;0;0;0;2;0;1;2;0;0;1;3;0;0;2;1;1;3;2;1;1;2;0;1;2;3;5;5;1;3;5;4;3;1;2;5;4;4;5;0;3;1;2;1;2;0;0;2;3;1;0;2;0;1;0;1;1;1;1;1;1;1;0;0;1;0;0;0;0;0;2
Los Ríos;1210;Buena Fe;2;2;4;4;2;1;0;0;3;0;0;2;1;3;2;1;2;0;0;3;2;0;0;3;2;0;1;2;2;2;1;1;3;4;0;2;1;0;2;2;3;1;2;2;0;1;2;0;1;1;0;0;1;1;4;6;4;3;1;2;6;3;1;2;2;1;5;3;0;3;2;1;3;0;2;0;3;2;3;3;4;0;5;6;2;5;1;4;3;3;3;2;0;5;5;2;9;12;9;2;5;4;4;8;6;8;11;6;6;6;6;1;6;6;5;11;8;11;8;11;2;5;7;4;3;2;2;3;0;1;5;3;5;3;4;2;2;8;3;6;6;3;3;5;5;2
Los Ríos;1211;Valencia;0;0;0;0;0;2;0;0;0;0;0;0;0;0;0;0;0;0;1;0;0;1;0;0;1;0;1;0;0;0;0;0;1;1;2;0;0;1;2;1;0;0;0;0;0;0;1;0;0;1;0;0;1;0;1;2;1;3;1;0;1;0;2;0;0;0;1;2;2;1;1;2;2;0;3;0;0;1;1;0;0;1;1;3;1;0;1;1;3;0;1;1;1;1;1;1;1;2;0;5;3;1;3;5;7;2;12;12;7;3;4;5;6;4;8;8;3;3;11;5;2;2;2;2;3;3;2;2;1;1;0;2;1;1;0;0;1;0;0;1;1;1;2;1;2;1
Los Ríos;1212;Mocache;2;1;0;1;0;0;1;1;1;3;0;2;1;0;0;2;0;0;2;2;0;1;1;1;0;0;0;4;0;2;2;0;0;0;2;2;0;0;0;0;1;3;1;4;0;2;1;2;1;0;0;1;0;0;3;1;0;0;0;2;1;3;1;2;0;1;1;2;0;4;5;2;2;5;1;2;2;0;2;2;2;1;4;2;2;0;5;1;1;8;7;12;9;8;9;10;7;2;6;10;9;3;15;14;9;11;14;15;6;10;14;6;10;6;7;14;7;6;9;4;6;7;3;4;0;2;5;7;1;2;2;2;4;1;1;0;1;3;5;3;0;2;1;2;1;0
Los Ríos;1213;Quinsaloma;0;0;0;0;1;0;1;0;1;4;0;1;0;0;0;0;0;0;0;0;0;0;1;0;0;1;0;0;0;0;0;0;1;0;0;0;0;0;2;1;0;0;0;0;0;0;0;0;1;0;0;0;1;0;0;0;0;0;1;0;1;0;0;0;0;0;0;0;0;0;2;1;0;2;0;0;0;0;0;1;0;0;0;0;1;1;0;0;1;0;1;1;2;0;2;1;1;0;2;1;2;3;1;2;1;0;1;1;0;0;0;0;0;1;0;2;1;0;1;1;0;1;2;1;0;0;0;1;0;0;1;0;0;1;0;2;0;0;0;0;0;0;0;1;0;0
Manabí;1301;Portoviejo;18;25;20;13;21;23;11;12;10;9;7;14;13;15;9;2;6;5;11;14;5;9;16;3;4;11;8;7;6;5;6;9;7;5;0;5;5;3;5;0;5;5;1;7;3;4;4;3;1;2;2;4;7;9;7;8;9;6;9;4;2;3;6;10;8;11;13;2;3;4;4;8;10;8;2;0;1;5;2;9;3;7;5;6;5;4;5;5;4;3;7;5;5;10;11;9;11;8;12;11;5;5;12;5;9;6;14;9;6;10;10;5;9;13;18;17;11;20;21;24;5;4;15;12;15;8;16;10;17;25;13;9;15;10;16;18;12;11;8;15;14;17;13;7;7;8
Manabí;1302;Bolivar;0;0;1;1;1;1;1;0;1;3;0;2;0;1;1;0;1;0;0;0;1;0;1;0;1;1;0;1;0;0;2;1;0;1;2;0;0;0;0;0;0;1;0;1;1;0;0;3;1;0;0;0;0;1;0;1;0;0;0;0;0;0;0;2;1;1;2;0;0;1;2;0;0;2;0;0;0;0;1;0;0;0;1;2;0;0;1;0;0;2;1;2;0;1;2;2;0;0;2;0;0;0;0;1;1;0;1;1;0;0;0;0;0;0;0;1;1;0;2;0;0;2;0;0;1;0;0;2;0;0;0;2;0;0;0;1;0;0;0;0;1;1;0;0;0;0
Manabí;1303;Chone;5;4;4;3;2;2;6;3;2;3;0;5;3;2;6;7;3;2;4;1;2;0;2;2;4;3;4;5;0;2;1;1;4;0;1;2;2;0;0;2;1;1;0;0;1;1;1;1;0;4;2;1;2;1;1;2;1;2;1;1;0;2;0;0;0;1;0;3;1;0;0;1;1;2;0;0;0;0;2;1;1;3;0;0;0;1;2;1;3;1;1;0;2;2;1;0;1;2;1;1;1;0;3;3;3;1;0;2;0;0;1;3;0;0;2;0;1;1;2;1;0;3;1;0;0;2;2;1;0;1;0;2;1;0;0;1;3;0;3;3;0;1;3;1;1;1
Manabí;1304;El Carmen;2;4;1;3;2;2;2;0;2;1;0;2;3;1;0;2;0;3;4;1;1;1;2;0;0;2;0;5;1;9;3;4;1;2;1;0;2;4;1;0;1;1;2;0;2;1;0;4;5;1;1;3;1;6;0;0;3;2;3;1;3;4;1;1;2;1;1;3;3;2;5;2;1;2;1;2;1;3;1;1;2;1;3;2;1;1;2;5;1;2;8;6;5;11;2;4;4;2;5;2;3;1;2;1;5;7;4;0;2;1;2;2;0;6;4;1;2;4;1;8;2;1;7;3;5;2;2;1;0;0;2;2;3;2;0;1;6;1;3;4;0;1;0;2;3;1
Manabí;1305;Flavio Alfaro;0;0;0;0;0;1;1;1;3;3;3;2;2;0;1;0;0;0;0;0;0;1;0;0;1;0;0;0;0;1;0;1;1;0;0;0;1;0;0;0;0;0;0;0;0;0;0;0;1;0;1;0;0;3;0;0;0;0;0;0;1;0;0;0;0;0;0;0;1;1;1;1;0;0;0;0;0;0;0;0;0;1;2;0;1;0;1;0;0;0;0;0;0;0;0;0;0;1;0;0;1;0;0;0;0;0;1;0;0;0;0;0;0;0;0;0;0;0;0;0;0;0;0;0;0;1;1;1;1;0;0;0;1;0;0;0;0;0;2;0;0;0;2;1;0;0
Manabí;1306;Jipijapa;1;2;0;0;1;1;0;1;0;1;1;1;3;4;1;3;1;0;1;0;0;0;1;0;2;1;1;0;0;0;0;0;0;0;0;0;0;1;0;0;0;0;1;0;0;0;0;0;0;1;1;0;1;1;0;0;1;0;0;0;0;0;0;0;0;0;0;1;0;1;1;0;0;2;0;0;0;0;0;0;3;0;1;0;0;0;0;0;0;0;0;0;0;1;0;1;0;0;0;1;1;2;0;0;4;3;1;0;0;1;2;0;2;5;2;1;2;3;2;4;1;5;2;2;1;1;1;0;0;0;5;0;3;6;3;4;0;2;5;6;6;7;5;3;2;3
Manabí;1307;Junin;0;0;0;0;0;0;1;0;2;0;1;0;1;0;0;0;1;1;0;0;0;1;0;0;0;0;0;0;0;0;0;0;0;0;0;0;0;0;0;0;0;0;1;0;1;0;0;0;0;0;1;0;1;0;0;0;2;0;0;0;0;0;0;0;0;1;0;0;2;1;0;0;0;0;0;0;0;0;0;0;1;0;0;1;0;1;0;0;0;0;0;0;0;0;1;0;0;0;0;0;0;0;1;0;0;2;0;0;0;0;0;0;0;0;0;0;1;0;0;1;0;0;0;0;0;0;0;0;0;0;1;1;0;1;1;0;0;1;0;0;0;0;0;0;0;0
Manabí;1308;Manta;32;28;33;26;38;13;13;19;15;18;29;47;30;14;8;11;19;10;16;21;10;15;16;13;19;30;30;13;16;6;9;9;20;14;19;13;11;16;13;13;15;24;10;13;13;13;8;7;19;10;12;2;12;6;8;7;13;16;15;14;9;8;17;17;18;11;10;13;23;19;15;16;11;23;10;0;6;10;11;11;6;7;8;9;13;15;10;14;12;17;17;15;19;14;15;16;18;16;20;26;29;21;23;28;30;33;29;34;6;9;8;2;3;9;4;12;17;12;9;15;13;13;21;14;16;16;13;18;18;21;14;19;10;12;14;8;11;6;11;10;10;8;13;13;14;6
Manabí;1309;Montecristi;6;1;2;5;6;1;2;6;6;4;4;7;9;2;4;5;1;8;9;1;8;2;2;8;6;5;4;1;2;2;2;1;1;3;3;4;2;3;5;3;6;2;2;4;3;2;1;2;3;1;4;5;7;4;4;4;5;4;5;0;3;0;4;3;1;1;4;3;3;2;9;3;4;2;3;1;0;1;6;1;2;4;4;6;3;4;2;2;5;7;9;2;4;7;3;5;7;2;2;3;7;11;9;8;14;13;10;7;1;2;1;4;3;6;2;5;10;8;9;9;10;9;5;5;2;6;6;10;10;5;13;4;8;2;11;9;5;8;6;8;7;6;12;15;3;2
Manabí;1310;Pajan;0;0;0;0;0;1;0;0;1;1;0;0;0;0;0;0;0;0;0;1;1;0;0;0;1;1;0;1;0;0;0;1;0;0;0;0;0;0;0;1;0;0;0;1;0;0;0;0;0;0;0;0;1;1;0;0;1;1;0;0;0;0;1;0;0;0;0;0;0;1;0;0;0;0;0;0;0;0;0;0;0;0;1;1;0;0;1;0;0;1;0;0;0;0;0;0;0;1;0;0;1;0;0;0;1;0;5;1;1;0;2;1;0;2;0;0;1;1;0;3;1;0;1;2;0;1;2;2;1;0;1;2;0;1;4;1;1;1;1;1;0;1;0;3;2;1
Manabí;1311;Pichincha;0;0;0;0;0;0;0;0;1;1;0;0;0;0;0;0;0;1;0;0;0;1;0;2;2;0;0;0;0;0;0;0;0;0;1;0;0;0;0;0;0;0;0;0;0;0;0;0;1;0;0;0;0;0;1;0;0;0;0;0;0;0;0;1;0;1;0;0;0;0;0;1;0;0;0;0;0;1;0;0;1;1;0;0;0;0;0;0;0;0;0;1;0;0;0;0;0;0;1;0;0;1;0;0;0;0;0;1;0;0;0;0;0;0;0;0;1;0;2;0;0;0;0;0;0;0;0;0;0;0;1;0;0;0;0;0;0;2;1;0;0;0;0;0;0;0
Manabí;1312;Rocafuerte;4;1;1;3;4;0;6;1;1;4;3;3;1;0;2;2;1;3;0;0;3;2;1;0;1;0;0;0;0;1;0;0;0;1;3;0;0;0;1;2;0;0;2;0;0;0;0;0;0;0;1;0;3;0;2;0;1;0;5;1;0;2;1;2;2;0;1;0;1;0;0;0;1;0;0;0;0;0;0;0;1;1;0;0;1;2;0;0;0;0;0;1;0;0;0;0;1;0;0;1;0;4;2;3;1;2;4;0;1;2;3;1;0;0;1;0;1;0;1;0;1;0;0;1;0;0;0;1;0;0;2;0;0;1;0;0;0;0;2;6;2;1;1;2;0;0
Manabí;1313;Santa Ana;0;0;1;2;0;0;2;1;1;0;2;1;1;0;0;0;0;0;1;0;1;1;0;2;3;2;0;0;0;2;1;1;1;0;0;0;0;0;0;0;1;0;0;0;0;0;0;0;0;0;0;1;0;0;0;2;0;1;1;0;0;0;0;0;0;0;0;0;0;0;0;0;0;0;0;0;0;0;0;0;0;0;0;0;1;0;0;0;0;0;0;0;0;0;1;0;0;0;1;0;0;0;2;0;0;1;2;0;0;0;0;0;0;1;1;0;1;0;1;4;0;1;0;0;1;1;1;0;0;0;0;2;1;0;0;0;0;0;0;0;0;0;0;0;0;0
Manabí;1314;Sucre;2;1;4;3;6;3;2;5;3;5;1;2;7;2;0;1;3;4;2;3;4;2;2;0;1;3;5;1;2;0;0;2;1;1;5;1;4;0;0;0;2;0;1;0;0;2;1;1;0;2;1;2;1;3;1;0;5;2;0;0;1;0;3;2;0;1;1;0;2;0;0;1;1;0;0;0;0;0;0;0;0;0;0;3;2;1;0;0;0;1;1;0;0;0;0;0;0;0;1;2;1;0;0;3;1;0;1;0;1;1;1;0;4;2;1;1;1;1;2;1;5;3;2;3;3;0;2;5;2;1;4;6;3;1;0;3;5;0;1;4;7;1;3;0;4;3
Manabí;1315;Tosagua;2;2;0;1;0;0;0;1;1;1;2;1;1;0;1;0;0;1;2;0;0;0;0;0;0;3;0;0;0;1;1;6;0;0;2;1;0;0;0;0;0;0;2;0;1;0;0;3;0;0;0;1;0;0;2;1;0;0;0;0;1;0;0;0;1;0;1;1;0;0;1;0;0;1;0;0;0;0;0;0;0;0;0;0;0;1;1;0;0;0;0;0;1;1;1;1;0;1;0;1;0;1;1;0;3;1;0;0;0;1;1;1;0;1;2;0;1;3;1;1;1;1;0;1;0;0;0;0;1;1;0;0;1;2;2;1;0;0;0;1;1;0;0;0;0;0
Manabí;1316;24 De Mayo;0;1;0;1;3;0;1;0;0;1;1;1;0;0;0;0;0;0;0;1;0;1;0;0;0;0;0;0;0;0;1;0;0;0;1;0;0;0;0;0;0;0;0;0;0;0;0;0;0;0;0;1;0;0;0;0;1;0;0;0;0;0;0;0;0;0;0;0;0;0;0;0;0;0;0;0;0;0;0;0;0;0;0;0;0;0;0;0;0;0;0;0;0;0;0;0;0;0;0;0;0;0;0;0;1;0;0;0;0;0;0;0;0;0;0;0;0;0;0;0;1;1;0;1;0;0;3;1;0;0;0;1;0;0;2;2;0;1;1;1;0;0;1;0;0;2
Manabí;1317;Pedernales;1;2;5;1;0;2;0;1;3;2;0;1;1;0;0;2;0;0;0;3;1;2;0;1;1;1;0;0;1;0;0;0;0;0;3;2;1;2;1;3;0;0;0;2;1;0;0;0;0;2;1;0;0;0;0;1;0;0;0;0;0;0;0;0;0;0;1;0;1;0;0;2;0;0;0;0;0;1;0;0;1;2;0;1;1;0;0;1;1;0;2;3;1;1;1;1;4;0;0;2;1;3;2;1;1;3;0;4;2;5;3;0;1;1;3;1;3;6;2;2;2;0;1;0;0;2;1;2;1;0;4;0;1;1;0;2;2;0;3;0;2;0;0;0;0;1
Manabí;1318;Olmedo;0;0;0;0;0;0;1;0;0;0;0;0;0;0;0;0;0;0;0;0;0;1;0;0;0;0;0;0;0;1;0;0;0;0;0;0;0;0;0;0;0;0;0;0;0;0;0;0;0;0;0;0;0;1;0;0;0;0;0;0;0;1;0;0;0;0;0;0;0;0;0;0;0;0;0;0;0;0;0;0;0;0;1;0;0;0;0;0;0;0;0;0;0;0;0;0;0;0;0;0;0;0;0;0;0;0;0;0;1;0;0;0;0;0;0;0;0;0;0;0;0;0;0;1;1;0;0;0;1;0;0;1;0;0;0;1;0;0;0;0;0;0;0;0;0;0
Manabí;1319;Puerto Lopez;0;0;0;0;0;0;0;0;0;0;0;0;0;0;0;0;0;0;1;1;0;0;1;0;0;0;0;0;0;0;0;0;0;1;0;0;0;0;0;0;0;0;0;0;0;0;0;0;0;0;0;0;1;0;0;0;0;0;0;0;0;0;0;0;0;0;0;0;0;0;0;0;0;0;1;0;0;0;0;0;0;0;0;0;0;0;2;0;2;0;0;0;0;0;0;0;0;0;0;0;0;0;0;0;0;0;0;1;1;0;0;0;1;0;0;0;0;0;0;1;0;0;0;0;1;0;0;0;0;0;0;0;0;0;0;0;0;0;0;0;0;0;0;0;0;0
Manabí;1320;Jama;0;0;0;1;0;0;0;0;0;0;0;0;0;0;0;0;0;0;0;0;0;0;0;0;0;0;0;0;0;0;0;0;0;0;0;0;0;0;0;0;1;0;0;0;0;0;0;0;0;0;0;0;0;0;0;0;0;1;0;0;0;0;0;0;1;0;0;0;0;0;1;0;1;0;0;0;0;0;0;0;0;0;0;0;0;0;1;0;0;0;0;0;0;1;0;1;0;0;1;0;0;0;1;0;1;0;0;0;0;0;0;0;0;0;0;0;1;1;1;0;0;0;0;0;0;0;0;0;0;2;0;0;0;0;0;0;0;0;0;1;0;0;2;1;0;0
Manabí;1321;Jaramijo;1;0;0;0;0;0;0;1;0;1;1;1;3;0;0;2;0;2;0;0;2;1;2;1;0;1;1;0;0;0;1;1;0;1;1;1;0;0;0;2;0;2;0;0;0;0;2;0;1;0;1;1;0;0;0;1;0;0;1;0;0;0;4;0;1;1;0;2;2;2;1;1;0;1;1;0;0;0;0;0;1;3;2;0;1;1;0;2;1;1;1;1;2;3;1;0;1;0;6;4;0;7;1;7;2;0;1;2;0;1;2;1;0;0;0;1;0;0;0;3;0;0;0;1;1;0;1;1;0;0;1;0;0;1;3;3;2;0;2;0;2;1;4;0;0;2
Manabí;1322;San Vicente;0;0;2;0;1;1;0;0;0;2;0;0;1;0;0;0;0;1;0;1;0;0;1;2;1;0;1;1;0;0;0;1;0;0;0;1;0;0;0;0;0;2;0;1;0;1;1;1;0;0;0;0;0;0;0;0;0;0;1;0;0;0;0;0;0;0;0;0;1;0;0;0;0;0;1;0;0;0;0;0;0;0;1;0;0;0;0;0;0;1;2;1;0;0;2;0;0;1;1;1;2;0;0;0;0;0;0;2;1;1;1;0;0;0;1;0;0;0;1;0;1;1;0;1;0;1;0;0;0;1;1;1;1;0;0;0;1;1;0;1;1;0;2;3;0;0
Morona Santiago;1401;Morona;2;1;0;0;1;0;0;0;0;0;0;0;0;1;0;0;0;0;0;0;0;1;0;1;0;0;0;0;2;0;0;0;1;0;0;0;0;1;0;0;0;1;0;0;0;0;0;1;1;1;0;0;0;0;0;0;1;0;0;0;0;0;0;0;0;0;0;0;0;0;0;0;0;0;0;0;0;1;0;0;0;0;0;0;1;0;0;0;0;0;0;0;1;0;0;0;0;0;1;1;0;0;0;0;1;0;0;2;0;0;1;0;0;1;0;0;1;0;0;0;0;0;0;0;0;0;0;0;0;0;0;0;0;0;0;0;0;0;1;0;0;0;0;0;1;0
Morona Santiago;1402;Gualaquiza;0;0;0;0;0;0;0;0;0;0;0;0;0;0;0;0;0;0;0;0;0;0;0;0;0;0;0;0;0;0;0;0;0;0;0;0;0;0;0;0;1;0;0;0;0;0;0;0;0;0;0;0;0;0;0;0;0;0;0;0;0;0;0;0;0;0;0;0;0;0;0;0;1;0;0;0;0;0;0;0;0;0;0;0;0;0;0;0;0;0;0;0;0;0;0;0;0;0;0;0;0;0;0;0;0;0;0;0;0;0;1;0;0;0;1;0;0;0;0;0;0;0;0;0;0;0;0;1;0;0;0;0;0;0;0;0;0;0;0;0;0;0;0;0;0;0
Morona Santiago;1403;Limon Indanza;0;0;0;0;0;0;0;0;1;0;0;0;0;0;0;0;0;0;0;0;0;0;0;0;0;0;0;0;0;0;0;0;0;0;0;0;0;0;0;0;0;0;0;0;0;0;1;0;0;0;0;0;0;0;0;0;0;0;0;0;0;0;0;0;0;0;0;0;0;0;0;0;0;0;0;0;0;0;0;0;0;0;0;0;0;0;0;0;0;0;0;0;0;0;0;0;0;0;0;0;0;0;0;1;0;0;0;0;0;0;0;0;0;0;0;0;0;0;0;0;0;0;0;0;0;0;0;0;0;0;0;0;0;0;0;0;0;0;0;0;0;0;0;0;1;0
Morona Santiago;1404;Palora;0;0;0;0;0;0;0;0;0;0;0;0;0;0;0;0;0;0;0;0;0;0;0;0;0;0;0;0;0;0;0;0;0;0;0;0;0;0;0;0;0;0;0;0;0;0;0;0;0;0;0;0;0;0;0;0;0;0;0;0;0;0;0;0;0;0;0;0;0;0;0;0;0;0;0;0;0;0;0;0;0;0;0;0;0;0;0;0;0;0;0;0;0;0;0;0;0;0;0;0;0;0;0;0;0;0;0;0;0;0;0;0;0;0;0;0;0;0;0;0;0;0;0;0;0;0;0;0;0;0;0;0;0;0;0;0;0;0;0;0;0;0;0;0;0;0
Morona Santiago;1405;Santiago;0;0;0;0;0;0;0;0;0;0;0;0;0;0;0;0;0;0;0;0;0;0;0;0;0;0;0;0;0;0;0;0;0;0;0;0;0;0;0;0;0;0;0;0;0;0;0;0;0;0;0;0;0;0;1;0;0;0;0;0;0;0;0;0;0;0;0;0;0;0;0;0;0;0;0;0;0;0;0;0;0;0;0;0;0;0;0;0;0;0;0;0;0;0;0;0;0;0;0;0;0;0;0;0;0;0;0;0;0;0;1;0;0;0;0;0;0;0;0;0;0;0;0;0;0;0;0;0;0;0;0;0;0;0;0;0;0;0;0;0;0;0;0;0;0;0
Morona Santiago;1406;Sucua;0;0;1;0;0;0;0;1;0;0;0;0;0;0;0;0;0;0;0;0;0;0;1;0;0;0;0;0;0;0;0;0;1;0;0;0;0;0;0;0;0;0;0;0;0;0;0;0;0;0;0;0;0;0;0;0;0;0;0;0;0;0;0;0;0;0;0;0;0;0;0;0;0;0;0;0;0;0;0;0;2;0;0;0;0;0;0;0;0;0;0;0;1;0;0;0;0;0;0;0;0;0;0;0;0;0;0;0;1;0;0;1;0;1;0;0;0;0;1;0;0;0;0;0;0;0;0;0;0;0;0;0;0;0;0;0;0;0;0;0;0;0;0;0;0;0
Morona Santiago;1407;Huamboya;0;0;0;0;0;0;0;1;0;0;0;0;0;0;0;0;0;0;1;0;0;0;0;0;0;0;0;0;0;0;0;0;0;0;0;0;0;0;0;0;0;0;0;0;0;0;0;0;0;0;0;0;0;0;0;0;0;0;0;0;0;0;0;0;0;0;0;0;0;0;0;0;0;0;0;0;0;0;0;0;0;0;0;0;0;0;0;0;0;0;0;0;0;0;0;0;0;0;0;0;0;0;1;0;0;0;1;0;0;0;0;0;0;0;0;0;0;0;0;0;0;0;0;0;0;0;0;0;0;0;0;0;0;0;0;0;0;0;0;0;0;0;0;0;0;0
Morona Santiago;1408;San Juan Bosco;0;0;0;0;0;0;0;0;0;0;0;0;0;0;0;0;0;0;0;0;0;0;0;0;0;0;0;0;0;0;0;0;0;0;0;0;0;0;0;0;0;0;0;0;0;0;0;0;0;0;0;0;0;0;0;0;0;0;0;0;0;0;0;0;0;0;0;0;0;0;0;0;0;0;0;0;0;0;0;0;0;0;1;0;0;0;0;0;0;0;0;0;0;0;0;0;0;0;0;0;0;0;0;0;0;0;0;0;0;0;0;0;0;0;0;0;0;0;0;0;0;0;0;0;0;0;0;0;0;0;0;0;0;0;0;0;0;0;0;0;0;0;0;0;0;0
Morona Santiago;1409;Taisha;0;0;0;0;0;0;0;0;0;0;0;0;0;0;0;0;0;0;0;0;0;0;0;0;0;0;0;0;0;0;0;0;0;0;0;0;0;0;0;0;0;0;0;0;0;0;0;0;0;0;0;0;0;0;0;0;0;0;0;0;0;0;0;0;0;0;0;0;0;0;0;0;0;0;0;0;0;0;0;0;0;0;0;0;0;0;0;0;0;0;0;0;0;0;0;0;0;0;0;0;0;0;0;0;0;0;0;0;0;0;0;0;0;0;0;0;0;0;0;0;0;0;0;0;0;0;0;0;0;0;0;0;0;0;0;0;0;0;0;0;0;0;0;0;0;0
Morona Santiago;1410;Logroño;0;0;0;0;0;0;0;0;0;0;0;0;0;0;0;0;0;0;0;0;0;0;0;0;0;0;0;0;0;0;0;0;0;0;0;0;0;0;0;0;0;0;0;0;0;0;0;0;0;0;0;0;0;0;0;0;0;0;0;0;0;0;0;0;0;0;0;0;0;0;0;0;0;0;0;0;0;0;0;0;0;0;0;0;0;0;0;0;0;0;0;0;0;0;0;0;0;0;0;0;0;0;0;0;0;0;0;0;0;0;0;0;0;0;0;0;0;0;0;0;0;0;0;0;0;0;0;0;0;0;0;0;0;0;0;0;0;0;0;0;0;0;0;0;0;0
Morona Santiago;1411;Pablo Sexto;0;0;0;0;0;0;0;0;0;0;0;0;0;0;0;0;0;0;0;0;0;0;0;0;0;0;0;0;0;0;0;0;0;0;0;0;0;0;0;0;0;0;0;0;0;0;0;0;0;0;0;0;0;0;0;0;0;0;0;0;0;0;0;0;0;0;0;0;0;0;0;0;0;0;0;0;0;0;0;0;0;0;0;0;0;0;0;0;0;0;0;0;0;0;0;0;0;0;0;0;0;0;0;0;0;0;0;0;0;0;0;0;0;0;0;0;0;0;0;0;0;0;0;0;0;0;0;0;0;0;0;0;0;0;0;0;0;0;0;0;0;0;0;0;0;0
Morona Santiago;1412;Canton Tiwintza;0;0;0;0;0;0;0;0;0;0;0;0;0;0;0;0;0;0;0;0;0;0;0;0;0;0;0;0;0;0;0;0;0;0;0;0;0;0;0;0;0;0;0;0;0;0;0;0;0;0;0;0;0;0;0;0;0;0;0;0;0;0;0;0;0;0;0;0;0;0;0;0;0;0;0;0;0;0;0;0;0;0;0;0;0;0;0;0;0;0;0;0;0;0;0;0;0;0;0;0;0;0;0;0;0;0;0;0;0;0;0;0;0;0;0;0;0;0;0;0;0;0;0;0;0;0;0;0;0;0;0;0;0;0;0;0;0;0;0;0;0;0;0;0;0;0
Napo;1501;Tena;0;0;3;0;0;0;0;2;0;0;1;0;1;0;0;0;0;1;0;1;0;0;1;2;0;0;0;3;0;0;0;0;0;0;2;0;0;0;0;0;0;0;0;0;0;0;0;0;0;3;0;0;0;0;2;0;0;0;0;0;0;0;0;0;0;0;1;0;0;0;0;0;0;0;0;0;0;0;1;0;0;1;0;0;0;0;0;0;0;0;0;1;0;0;0;0;0;0;0;0;1;0;2;0;0;1;0;0;0;0;3;0;0;0;2;2;1;0;1;0;0;0;0;0;0;0;0;2;1;0;1;0;0;0;0;1;0;0;0;1;1;2;1;0;0;0
Napo;1503;Archidona;0;1;0;0;0;0;0;0;0;0;0;0;0;0;0;0;0;0;2;1;0;0;1;0;0;0;0;0;0;0;0;1;0;0;0;0;0;0;0;0;0;0;0;0;1;0;0;0;1;1;0;0;0;0;0;0;0;0;0;0;0;0;0;0;0;0;0;0;0;0;0;2;0;0;0;0;0;0;0;0;0;0;2;0;0;0;0;0;0;0;0;0;0;0;0;0;0;0;0;0;0;0;0;0;1;1;0;1;0;0;0;0;0;0;0;1;1;0;0;0;0;0;0;0;1;0;0;0;1;0;0;0;1;0;0;0;1;0;0;0;0;0;0;0;0;2
Napo;1504;El Chaco;0;0;0;0;0;0;0;0;0;0;0;0;1;0;0;0;0;0;1;0;0;0;0;0;0;0;0;0;0;0;0;0;0;0;0;0;0;1;0;0;0;0;0;0;0;0;0;0;0;0;0;0;0;0;0;0;0;0;0;0;0;0;0;1;1;0;0;0;0;0;0;0;0;0;0;0;0;0;0;0;0;0;0;0;0;0;0;0;0;0;0;0;0;0;0;0;0;0;0;0;0;0;0;0;0;0;0;0;0;0;0;0;0;0;0;0;0;0;0;0;0;0;0;0;0;0;0;0;0;0;0;0;0;0;0;0;0;0;0;0;0;0;0;0;0;0
Napo;1507;Quijos;0;0;0;0;0;1;0;0;0;0;0;0;3;0;1;0;0;0;0;0;1;0;0;0;0;0;0;0;0;0;0;0;0;0;0;0;0;0;0;0;0;0;0;0;0;0;2;0;0;0;0;0;2;0;1;2;0;1;0;0;0;0;0;1;0;0;0;0;0;0;1;0;2;0;0;0;0;1;0;0;0;1;0;0;0;0;0;0;0;0;0;0;0;1;0;1;0;0;0;1;0;0;1;0;0;1;0;0;0;0;0;0;0;0;0;0;0;0;0;0;1;0;0;0;0;0;0;0;0;0;0;0;0;0;1;0;0;0;0;1;0;0;0;3;0;0
Napo;1509;Carlos Julio Arosemena Tola;0;0;0;0;0;0;0;0;0;0;0;0;0;0;0;0;0;0;0;0;0;0;0;0;0;0;0;0;0;0;0;0;0;0;0;0;0;0;0;0;0;0;0;0;0;0;0;0;0;0;0;0;0;0;0;0;0;0;0;0;0;0;0;0;0;0;0;0;0;0;0;0;0;0;0;0;0;0;0;0;0;0;0;0;0;0;0;0;0;0;0;0;0;0;0;0;0;0;0;0;0;0;0;0;0;0;0;0;0;1;0;0;0;0;1;0;0;0;0;0;0;0;0;0;0;0;0;0;0;0;0;0;0;0;0;0;0;0;0;0;0;0;0;0;0;0
Pastaza;1601;Pastaza;0;0;0;0;0;0;1;0;2;1;0;1;0;0;0;1;1;0;0;0;0;0;5;1;0;2;0;1;1;1;0;0;1;1;0;0;0;0;0;0;1;0;0;0;0;1;0;0;1;0;0;0;0;0;1;0;0;0;0;0;0;0;1;0;2;1;2;1;0;0;1;0;0;0;0;0;0;1;0;0;1;0;0;1;0;0;0;0;0;0;1;1;0;1;0;0;0;2;1;0;0;1;0;0;0;0;0;1;0;1;0;0;0;0;0;0;0;0;0;2;0;0;0;0;0;0;0;0;1;0;0;2;1;0;0;0;0;0;1;0;1;0;1;1;1;0
Pastaza;1602;Mera;0;0;0;0;0;0;0;0;0;0;0;1;0;0;0;0;0;0;0;0;0;0;0;0;1;0;1;1;0;0;0;0;0;0;0;1;0;1;0;1;0;0;0;1;0;0;0;0;1;0;0;0;0;0;0;0;0;0;0;0;0;0;0;0;0;0;0;0;1;0;0;0;0;0;0;0;0;0;0;0;0;0;1;0;0;0;0;0;0;0;0;0;0;0;0;0;0;0;0;0;0;0;0;0;0;0;0;1;0;0;1;1;0;0;0;0;0;0;0;0;0;0;0;0;0;0;0;0;0;0;0;1;0;0;0;0;0;0;0;0;0;0;0;0;0;0
Pastaza;1603;Santa Clara;0;0;0;0;0;0;0;0;0;0;0;0;0;0;0;0;0;0;0;0;0;0;0;0;0;0;0;0;0;0;0;0;0;0;1;0;1;0;0;0;0;1;0;0;0;0;0;0;0;0;0;0;0;0;0;0;0;0;0;0;0;0;0;0;0;0;0;0;0;0;0;0;0;0;0;0;0;0;0;0;0;0;0;0;0;0;1;0;0;0;0;0;1;0;0;0;0;0;0;0;1;0;0;0;0;0;0;0;0;0;0;0;0;0;0;0;0;0;0;0;0;0;0;0;0;0;0;0;0;0;0;0;0;0;0;0;0;0;0;0;0;0;0;0;0;0
Pastaza;1604;Arajuno;0;0;0;0;0;0;0;0;0;0;0;0;0;0;0;0;0;0;0;0;0;0;0;0;0;0;0;0;0;0;0;0;0;0;0;0;0;0;0;0;0;0;0;0;0;0;0;0;0;0;0;0;0;0;0;0;0;0;0;0;0;0;0;0;0;0;0;0;0;0;0;0;0;0;0;0;0;0;0;0;0;0;0;0;0;0;0;0;0;0;0;0;0;0;0;0;0;0;0;0;0;0;0;0;0;0;0;0;0;0;0;0;0;0;0;0;0;0;0;0;0;0;0;0;0;0;0;0;0;0;0;0;0;0;0;0;0;0;0;0;0;0;0;0;0;0
Pichincha;1701;Quito;176;126;158;152;184;135;154;163;176;156;172;142;147;141;147;129;161;149;164;171;156;170;136;118;132;114;131;105;138;130;139;114;131;118;89;118;81;108;130;108;105;110;135;124;128;147;142;138;119;110;118;107;107;101;108;83;113;104;126;153;103;112;121;136;113;129;105;94;119;92;129;130;157;132;79;8;38;93;111;98;107;144;141;137;96;109;130;106;123;149;126;148;133;179;150;161;167;134;130;141;179;145;165;198;240;231;246;204;185;158;213;176;185;205;212;239;217;247;254;238;179;178;223;224;251;232;215;199;187;206;196;234;216;186;251;181;198;193;180;222;251;222;205;202;136;176
Pichincha;1702;Cayambe;1;2;0;1;0;3;0;2;0;1;1;2;0;0;1;1;0;1;0;1;0;0;0;0;0;0;0;0;1;0;2;1;0;1;2;0;0;0;1;2;0;1;1;1;0;2;1;3;0;0;0;0;0;2;1;2;0;1;0;0;1;1;1;1;5;3;0;0;1;1;2;0;1;0;1;0;0;0;1;0;0;0;0;1;0;0;3;1;0;1;2;2;1;1;1;0;0;1;0;2;2;1;2;0;1;3;1;3;0;2;0;2;3;2;1;3;1;2;0;1;0;1;1;1;0;0;1;2;0;3;0;2;1;0;0;2;0;0;2;2;1;0;1;0;2;1
Pichincha;1703;Mejia;6;6;4;7;5;6;5;5;6;11;4;6;11;6;4;7;1;7;4;8;3;5;8;4;4;4;5;4;5;7;11;6;11;5;8;3;3;3;5;8;3;6;4;2;3;3;3;2;7;0;3;3;6;1;2;7;4;6;3;3;6;4;3;3;5;5;6;6;5;3;5;3;1;8;0;1;4;4;7;4;3;12;3;2;5;6;2;2;3;7;5;5;9;7;9;6;6;3;8;3;5;3;6;3;12;8;7;7;11;0;5;3;2;8;6;5;7;10;5;11;8;5;6;2;4;4;6;6;5;6;7;9;10;9;5;6;4;1;4;3;4;6;8;9;2;5
Pichincha;1704;Pedro Moncayo;0;0;0;0;1;0;0;1;0;0;0;1;0;0;1;0;1;0;0;0;0;0;0;0;0;0;0;0;0;1;0;1;0;0;0;0;0;0;0;0;0;0;0;0;1;0;0;0;1;0;0;0;0;0;0;0;1;0;1;0;0;0;0;0;1;0;0;0;0;0;1;0;0;0;2;0;0;0;0;0;1;1;0;0;1;0;0;0;0;0;1;0;0;1;0;0;0;1;0;0;1;0;1;3;0;0;1;1;1;1;1;0;0;1;2;0;1;1;2;1;1;2;1;1;0;0;0;0;2;2;1;2;1;0;0;0;0;1;1;0;3;1;0;1;0;0
Pichincha;1705;Rumiñahui;11;6;4;8;6;11;7;12;8;8;7;9;11;7;9;10;8;9;6;6;3;7;5;6;4;5;7;7;11;7;5;6;6;3;6;5;2;1;3;3;1;1;5;2;1;2;3;0;1;3;1;1;2;1;3;5;2;2;2;1;4;5;2;6;2;3;1;3;5;0;7;2;3;3;4;0;0;3;2;0;3;0;2;0;3;2;2;2;4;2;0;0;2;3;1;0;4;7;5;4;2;1;3;3;2;5;2;11;1;6;5;5;3;5;8;10;5;5;6;11;5;4;3;11;8;7;7;4;5;8;4;1;1;2;2;4;3;1;0;5;4;5;2;3;8;2
Pichincha;1707;San Miguel De Los Bancos;0;0;0;1;0;1;0;0;0;0;1;1;0;0;1;0;2;0;1;0;0;0;2;0;0;0;0;2;0;0;1;1;0;0;0;1;1;1;0;0;1;0;1;0;0;0;0;0;0;0;1;0;0;0;0;0;0;2;0;0;0;0;0;0;1;0;0;0;0;1;2;0;0;0;2;0;0;3;0;0;0;2;0;1;0;1;0;1;0;0;1;1;0;0;0;0;2;1;2;0;0;0;1;7;2;1;0;0;0;1;0;1;0;2;0;1;0;0;1;1;0;0;1;1;0;0;0;1;0;0;1;0;0;0;1;0;2;0;0;0;0;1;1;2;0;1
Pichincha;1708;Pedro Vicente Maldonado;0;0;0;1;0;0;0;0;0;0;0;0;0;0;0;3;1;0;1;0;0;0;0;0;1;0;1;0;0;0;0;0;0;0;0;0;0;0;0;0;0;0;1;1;0;0;0;0;0;0;0;0;0;0;1;1;3;0;0;0;0;0;0;0;2;0;1;1;0;0;0;1;1;0;0;0;0;0;1;1;0;0;0;0;0;1;0;0;0;0;0;1;0;0;0;1;0;0;0;0;0;0;2;0;0;2;1;0;0;0;0;0;0;0;0;0;1;0;0;0;0;0;0;0;0;0;0;0;0;0;0;0;0;0;0;0;0;0;1;0;0;0;0;0;0;1
Pichincha;1709;Puerto Quito;0;0;0;0;0;0;1;0;0;1;0;0;0;2;0;0;0;0;0;0;2;0;0;1;0;1;0;2;0;0;1;1;0;1;0;0;1;1;0;2;0;0;0;0;0;0;1;0;1;0;2;1;0;0;0;1;0;1;0;2;0;0;0;1;0;0;0;0;0;0;0;0;1;0;0;1;0;1;0;0;0;0;0;0;0;0;0;2;0;0;0;2;0;0;0;0;0;0;0;0;0;0;0;0;1;0;1;0;0;1;0;1;0;0;0;0;0;0;0;0;2;1;0;0;0;1;1;0;0;0;1;2;2;0;0;1;0;1;0;0;0;0;2;2;2;0
Tungurahua;1801;Ambato;4;14;10;13;2;12;9;0;12;4;4;6;6;3;3;4;6;5;9;11;1;3;6;4;7;3;4;2;5;8;5;7;9;16;8;6;10;5;6;3;1;6;5;2;4;6;2;5;4;3;5;4;5;5;3;2;7;9;4;10;5;2;6;4;5;4;3;2;3;3;5;3;7;3;3;0;2;2;6;3;1;5;4;5;3;4;8;11;2;1;2;3;4;7;8;7;1;7;10;4;7;5;11;10;5;5;3;11;2;2;1;2;2;4;2;2;4;6;2;7;2;0;5;1;1;1;1;2;1;1;0;1;3;4;1;4;1;3;2;2;2;2;5;2;2;1
Tungurahua;1802;Baños De Agua Santa;0;0;0;0;0;0;0;0;0;0;0;1;2;0;0;0;0;0;2;0;1;0;3;2;0;0;3;1;2;0;0;0;0;0;0;0;0;1;0;0;0;0;0;0;0;0;0;0;0;0;2;0;0;0;0;0;0;0;1;0;0;0;0;0;0;1;1;0;0;1;0;0;0;0;0;0;0;0;0;0;0;1;0;0;2;0;1;0;0;0;0;2;0;0;0;0;1;2;2;0;3;0;0;0;0;1;1;2;0;0;0;0;0;0;1;0;0;0;1;0;0;0;0;0;2;0;0;0;1;0;0;0;0;0;0;0;0;0;0;0;0;0;0;0;0;0
Tungurahua;1803;Cevallos;0;1;0;0;0;0;0;0;0;1;0;0;0;0;0;0;0;0;1;0;0;0;0;0;0;0;0;0;1;0;1;0;0;0;0;0;0;0;0;0;0;0;0;1;0;0;0;0;0;1;0;1;0;1;0;0;0;0;0;0;0;0;0;0;0;0;1;1;0;2;0;0;0;0;0;0;0;0;0;0;0;0;0;0;0;0;0;0;0;0;0;0;0;0;0;0;0;0;0;0;1;0;0;0;0;0;0;0;0;0;0;0;0;0;0;0;0;0;0;0;0;0;0;0;0;0;0;0;0;0;0;0;0;0;0;0;0;0;0;0;0;1;0;0;0;0
Tungurahua;1804;Mocha;0;0;0;0;0;0;0;0;0;1;0;0;0;0;0;0;0;0;0;0;0;0;0;0;0;0;0;0;0;0;0;0;0;0;0;0;0;0;0;0;0;0;0;0;0;0;0;0;0;1;0;0;0;0;0;0;0;0;0;0;0;0;0;0;0;0;0;0;0;0;0;0;0;0;0;0;0;0;0;0;0;0;0;0;1;0;0;0;0;0;0;0;0;1;0;0;0;0;0;1;1;0;1;1;0;1;0;0;0;0;0;0;0;0;0;0;0;0;0;0;0;0;0;0;1;0;0;0;0;0;0;0;0;0;0;0;0;0;0;0;0;0;0;0;0;0
Tungurahua;1805;Patate;0;0;0;0;0;0;0;0;0;0;0;0;0;0;0;0;0;0;0;0;0;0;0;0;0;0;0;0;2;0;0;1;1;0;0;0;0;0;0;0;0;0;0;0;0;1;0;0;0;0;0;0;0;0;0;0;0;0;0;0;0;0;0;0;0;0;0;0;0;0;0;0;0;0;0;0;0;0;0;0;0;0;0;0;0;0;0;0;0;0;0;0;0;1;0;0;0;2;0;0;0;0;0;0;1;0;0;0;0;1;0;0;0;0;0;0;0;0;0;0;0;0;0;0;0;0;0;0;0;0;0;0;0;2;0;0;0;0;0;0;0;0;0;0;0;0
Tungurahua;1806;Quero;0;0;0;0;0;0;1;0;0;0;0;0;0;0;0;0;0;0;0;0;0;0;0;0;0;0;0;0;0;0;0;0;0;0;0;0;0;0;0;0;1;0;0;0;0;1;0;0;0;0;1;0;0;0;0;0;0;0;0;0;0;0;0;0;0;0;0;0;0;0;0;0;0;0;0;0;0;0;0;0;0;0;0;0;0;0;0;0;0;0;0;0;0;0;0;0;0;0;0;1;0;0;0;0;0;0;0;0;0;0;0;0;0;0;0;0;0;0;0;0;0;0;0;0;1;0;0;0;0;0;0;0;0;0;0;0;0;0;0;0;0;0;0;0;0;0
Tungurahua;1807;San Pedro De Pelileo;0;0;1;1;0;1;0;0;0;0;0;1;1;0;1;0;0;2;0;0;0;0;0;0;0;0;1;1;2;0;0;0;0;0;0;1;0;0;2;0;1;0;0;0;0;0;0;0;0;0;0;0;0;0;0;1;0;0;0;1;0;0;2;2;0;1;0;0;0;3;0;0;0;0;0;0;0;0;0;0;0;0;0;1;1;0;0;0;0;0;2;1;0;0;0;0;0;1;0;1;2;0;2;1;0;0;0;2;0;0;0;0;0;0;0;0;1;0;0;0;0;0;1;0;1;0;0;0;1;0;0;1;0;0;0;0;0;0;0;0;0;0;2;0;0;0
Tungurahua;1808;Santiago De Pillaro;1;0;0;0;0;0;0;0;0;0;0;1;1;0;1;0;0;0;2;1;0;0;0;0;1;0;2;0;0;0;0;0;0;0;0;1;1;1;0;0;0;0;1;2;1;0;0;0;0;0;0;0;0;1;0;0;0;0;0;0;0;0;1;1;0;0;0;0;0;0;0;0;0;0;0;0;0;0;0;0;1;0;0;0;0;0;0;0;0;1;0;0;0;0;0;0;1;0;0;2;0;1;0;0;0;0;0;0;0;0;0;0;0;0;0;0;1;0;0;0;0;0;0;0;0;0;0;0;0;0;0;0;0;0;0;0;0;0;0;0;0;0;0;0;1;0
Tungurahua;1809;Tisaleo;0;0;1;0;1;0;1;0;0;0;0;0;0;0;0;0;0;0;0;0;0;0;0;0;0;0;0;0;0;0;0;0;0;0;0;0;0;0;0;1;0;1;0;0;0;0;1;1;1;0;0;0;0;1;0;1;0;0;0;0;0;0;1;0;0;0;0;0;0;0;1;0;0;0;0;0;0;0;0;0;0;0;0;2;0;0;0;0;0;0;0;0;0;0;0;0;0;0;0;0;0;0;0;0;0;0;0;0;0;0;0;0;0;0;1;0;0;0;0;0;0;0;1;0;0;0;0;0;0;0;0;0;0;0;0;0;1;0;0;0;0;0;0;0;0;0
Zamora Chinchipe;1901;Zamora;0;0;0;0;0;0;0;0;0;0;0;0;0;0;0;0;1;0;0;0;0;0;0;0;0;0;0;0;0;0;0;0;0;0;0;0;0;0;0;0;0;0;0;0;0;0;0;0;1;0;0;0;0;0;0;0;0;0;0;0;0;0;0;0;0;0;0;0;0;0;0;0;0;2;0;0;0;0;0;0;0;0;0;0;0;0;0;0;0;0;1;0;0;0;0;0;0;0;0;0;2;0;1;0;0;0;0;0;0;0;0;0;0;0;0;0;0;0;0;0;0;0;0;0;0;0;0;0;0;0;0;0;0;0;0;0;0;0;0;0;0;0;0;0;0;0
Zamora Chinchipe;1902;Chinchipe;0;0;0;0;0;0;0;0;0;0;0;0;0;0;0;0;0;0;0;0;0;0;0;0;0;0;0;0;0;0;0;0;0;0;0;0;0;0;0;0;0;0;0;0;0;0;0;0;0;0;0;0;0;0;0;0;0;0;0;0;0;0;0;0;0;0;0;0;0;0;0;0;0;0;0;0;0;0;0;0;0;0;0;0;0;0;0;0;0;0;0;0;0;0;0;0;0;0;0;0;0;0;0;0;0;0;0;0;0;0;0;0;0;0;0;0;0;0;0;0;0;0;0;1;0;0;0;0;0;0;0;0;0;0;0;0;0;0;0;0;0;0;0;0;0;0
Zamora Chinchipe;1903;Nangaritza;0;0;0;0;0;0;0;0;0;0;0;0;0;0;0;0;0;0;0;0;0;0;0;0;0;0;0;0;0;0;0;0;0;0;0;0;0;0;0;0;0;0;0;0;0;0;0;0;0;0;0;0;0;0;0;0;0;0;0;0;0;0;0;0;0;0;0;0;0;0;0;0;0;1;0;0;0;0;0;0;0;0;0;0;0;0;0;0;0;0;0;0;0;0;0;0;0;0;0;0;0;0;0;0;0;0;0;0;0;0;0;0;0;0;0;0;0;0;0;0;0;0;0;0;0;0;0;0;0;0;0;0;0;0;0;0;0;0;0;0;0;0;0;0;0;0
Zamora Chinchipe;1904;Yacuambi;0;0;0;0;0;0;0;0;0;0;0;0;0;0;0;0;0;0;0;0;0;0;0;0;0;0;0;0;0;0;0;0;0;0;0;0;0;1;0;0;0;0;0;0;0;0;0;0;0;0;0;0;0;0;0;0;0;0;0;0;0;0;0;0;0;0;0;0;0;0;0;0;0;0;0;0;0;0;0;0;0;0;0;0;0;0;0;0;0;0;0;0;0;0;0;0;1;0;0;0;0;0;0;0;0;0;0;0;0;0;0;0;0;0;0;0;0;0;0;0;0;0;0;0;0;0;0;0;0;0;0;0;0;0;0;0;0;0;0;0;0;0;0;0;0;0
Zamora Chinchipe;1905;Yantzaza (Yanzatza);0;0;0;0;0;0;0;0;0;0;0;0;0;0;0;0;0;0;0;0;0;0;0;0;0;0;0;0;0;0;0;0;0;0;0;1;0;0;0;0;0;0;0;0;0;0;0;0;0;0;0;0;0;0;0;0;0;0;1;0;0;0;0;0;0;0;0;0;0;0;0;0;0;0;0;0;0;0;0;0;0;0;0;0;0;0;0;1;0;0;0;0;0;0;0;0;0;0;0;1;0;0;0;0;0;1;0;0;0;0;1;0;0;0;0;0;0;0;0;0;0;0;0;0;0;0;0;2;0;0;1;0;0;0;0;0;0;1;0;0;0;0;0;1;0;0
Zamora Chinchipe;1906;El Pangui;0;0;0;0;0;0;0;0;0;0;0;0;0;0;0;0;0;0;0;0;0;0;0;0;0;1;0;0;0;0;0;0;0;0;0;0;0;0;0;0;0;0;0;0;0;0;0;0;0;0;0;0;0;0;0;0;0;0;0;0;0;0;0;0;0;0;0;0;0;0;0;0;1;0;0;0;0;0;0;0;0;0;0;0;0;0;0;0;0;0;0;0;0;0;0;0;0;0;0;0;0;0;0;0;0;0;0;0;0;0;0;0;0;0;0;0;0;0;0;0;0;0;0;0;0;0;0;0;1;0;0;0;0;0;0;0;0;0;0;1;0;0;0;0;0;0
Zamora Chinchipe;1907;Centinela Del Condor;0;0;0;0;0;1;0;0;0;0;0;0;0;0;0;0;0;0;0;0;0;0;0;0;0;1;0;0;0;0;0;0;0;0;0;0;0;0;0;0;0;0;0;0;0;0;0;0;0;0;0;0;0;0;0;0;0;0;0;0;0;0;0;0;0;0;0;0;0;0;0;0;0;0;0;0;0;0;0;0;0;0;0;0;0;0;0;0;0;0;0;0;0;0;0;0;0;0;0;0;0;0;0;0;0;0;0;0;0;0;0;0;0;0;0;0;0;0;0;0;0;0;0;0;0;0;0;0;0;0;0;0;0;0;0;0;0;0;0;0;0;0;0;0;0;0
Zamora Chinchipe;1908;Palanda;0;0;0;0;0;0;0;0;0;0;0;0;0;0;0;0;0;0;0;0;0;0;0;0;0;0;0;0;0;0;0;0;0;0;0;0;0;0;0;0;0;0;0;0;0;0;0;0;0;0;0;0;0;0;0;0;0;0;0;0;0;0;0;0;0;0;0;0;0;0;0;0;0;0;0;0;0;0;0;0;0;0;0;0;0;0;0;0;0;0;0;0;0;0;0;0;0;0;0;0;0;0;0;0;0;0;0;0;0;0;0;0;0;0;0;0;0;0;0;0;0;0;0;0;0;0;0;0;1;0;0;0;0;0;0;0;0;0;0;0;0;0;0;0;0;0
Zamora Chinchipe;1909;Paquisha;0;0;0;0;0;0;0;0;0;0;0;0;0;0;1;0;0;0;0;0;0;0;0;0;0;0;0;0;0;0;0;0;1;0;0;0;0;0;0;0;0;0;0;0;0;0;0;0;0;0;0;0;0;0;0;0;0;0;0;0;0;0;0;0;0;0;0;0;0;0;0;0;0;0;0;0;0;0;0;0;0;0;0;0;0;0;0;0;0;0;0;0;0;0;0;0;0;0;0;0;0;0;0;0;0;0;0;0;0;0;0;0;0;0;0;0;0;0;0;0;0;0;0;0;0;1;0;0;0;0;0;1;0;0;0;0;0;0;0;0;0;0;0;0;0;0
Galápagos;2001;San Cristobal;0;0;0;0;0;0;0;0;0;0;0;0;0;0;0;0;0;0;0;0;0;0;0;0;0;0;0;0;0;0;0;0;0;0;0;0;0;0;0;0;0;0;0;0;0;0;0;0;0;0;0;0;0;0;0;0;0;0;0;0;0;0;0;0;0;0;0;0;0;0;0;0;0;0;0;0;0;0;0;0;0;0;0;0;0;0;0;0;0;0;0;0;0;0;0;0;0;0;0;0;0;0;0;0;0;0;0;0;0;0;0;0;0;0;0;0;0;0;0;0;0;0;0;0;0;0;0;0;0;0;0;0;0;0;0;0;0;0;0;0;0;0;0;0;0;0
Galápagos;2002;Isabela;0;0;0;0;0;0;0;0;0;0;0;0;0;0;0;0;0;0;0;0;0;0;0;0;0;0;0;0;0;0;0;0;0;0;0;0;0;0;0;0;0;0;0;0;0;0;0;0;0;0;0;0;0;0;0;0;0;0;0;0;0;0;0;0;0;0;0;0;0;0;0;0;0;0;0;0;0;0;0;0;0;0;0;0;0;0;0;0;0;0;0;0;0;0;0;0;0;0;0;0;0;0;0;0;0;0;0;0;0;0;0;0;0;0;0;0;0;0;0;0;0;0;0;0;0;0;0;0;0;0;0;0;0;0;0;0;0;0;0;0;0;0;0;0;0;0
Galápagos;2003;Santa Cruz;0;0;0;0;0;0;0;0;0;0;0;0;0;0;0;0;0;0;0;0;0;0;0;1;0;0;0;0;0;0;0;0;0;0;0;0;0;0;0;0;0;0;0;0;0;0;0;0;0;0;0;0;0;0;0;0;0;0;0;0;0;0;0;0;0;0;0;0;0;0;0;0;0;0;0;0;0;0;0;0;0;0;0;0;0;0;0;0;0;0;0;0;0;0;0;0;0;0;0;0;0;0;0;0;0;0;0;0;0;0;0;0;0;0;0;0;0;0;0;1;0;0;0;0;0;0;0;0;0;0;0;0;0;0;0;0;0;0;0;0;0;0;1;0;0;0
Sucumbíos;2101;Lago Agrio;1;2;2;2;3;8;9;1;0;2;4;4;3;5;2;3;1;2;5;3;5;4;2;7;3;4;6;4;5;2;9;5;2;5;2;1;1;0;2;1;1;2;0;0;0;0;1;1;2;2;1;1;2;1;0;2;1;3;1;0;0;0;3;0;1;2;1;0;1;1;1;1;3;0;1;0;0;1;0;0;0;0;0;0;1;1;1;0;0;0;3;0;0;1;1;1;1;0;0;0;1;0;1;4;1;1;2;1;0;0;1;0;0;2;3;0;2;1;1;3;1;1;1;1;2;1;1;1;1;0;0;1;1;3;1;2;3;0;1;0;1;1;1;0;0;0
Sucumbíos;2102;Gonzalo Pizarro;0;0;1;0;0;0;0;0;0;0;0;0;0;0;1;0;0;1;0;0;0;0;0;0;1;0;0;0;0;0;0;0;0;0;0;0;0;0;0;0;0;0;0;0;0;0;0;0;0;0;0;0;0;0;0;0;0;0;0;0;0;1;0;0;1;2;0;0;0;0;0;0;0;0;0;0;0;0;0;0;0;0;0;0;0;0;0;0;0;0;0;1;0;0;0;0;0;0;0;0;0;0;0;1;0;0;0;1;0;0;0;0;0;0;0;0;1;0;0;2;0;0;0;0;1;0;0;0;0;0;0;0;0;0;0;0;0;0;0;0;1;0;0;0;0;0
Sucumbíos;2103;Putumayo;0;0;0;0;0;0;0;0;0;0;0;0;0;0;0;0;0;0;0;0;0;0;0;0;1;0;0;0;0;0;0;0;0;0;0;0;0;0;0;0;0;0;0;0;0;0;0;0;0;0;0;0;0;0;0;0;0;0;0;0;0;0;0;0;0;0;1;0;0;0;0;0;0;0;0;0;0;0;0;0;0;0;0;0;0;0;0;0;0;0;0;0;0;0;0;0;0;0;0;0;0;0;0;0;0;1;0;0;0;0;0;0;0;0;0;0;0;0;0;0;0;0;0;0;0;0;0;0;0;0;0;0;0;0;0;0;0;0;0;0;0;0;0;0;0;0
Sucumbíos;2104;Shushufindi;0;1;0;3;0;3;0;0;0;1;0;0;0;1;0;0;0;0;3;4;0;1;3;2;0;2;0;0;0;0;0;2;0;0;0;0;0;0;1;0;0;0;0;0;0;0;0;0;1;1;0;1;0;0;0;1;1;0;0;0;0;0;1;1;1;1;0;0;0;0;0;0;0;0;0;0;0;1;1;0;0;0;0;0;1;0;0;0;0;0;0;1;1;1;0;0;1;0;0;0;0;0;1;1;0;0;0;0;0;1;1;0;0;0;0;0;2;1;0;1;0;0;2;0;0;0;1;0;0;1;0;0;0;0;0;0;0;0;0;1;0;1;1;2;2;1
Sucumbíos;2105;Sucumbios;1;0;0;0;0;0;0;0;0;0;0;0;0;0;0;0;0;0;0;0;0;0;0;0;0;0;0;0;0;0;0;0;0;0;0;0;0;0;0;0;0;0;0;0;0;0;0;0;0;0;0;0;0;0;0;0;0;0;0;0;0;0;0;0;0;0;0;0;0;0;0;0;0;0;0;0;0;0;0;0;0;0;0;0;0;0;0;1;0;1;1;0;0;0;0;0;0;0;0;0;0;0;1;0;0;0;0;0;0;0;0;0;0;0;0;0;0;0;0;0;0;0;0;0;0;0;0;0;0;0;0;0;0;0;0;0;0;0;0;0;0;0;0;0;0;0
Sucumbíos;2106;Cascales;0;0;0;1;0;0;0;0;0;0;0;0;0;0;0;0;0;0;0;0;0;0;0;0;0;1;1;0;0;0;0;0;0;0;0;0;0;0;0;0;0;0;0;0;0;0;0;0;0;0;0;1;0;0;0;0;0;0;0;0;0;0;0;0;0;0;0;0;0;1;0;0;0;0;0;0;0;0;1;0;0;0;0;0;0;0;0;0;0;0;0;1;0;0;0;0;0;0;0;0;0;0;0;0;0;0;0;0;0;0;0;0;0;0;2;1;1;1;1;0;0;0;0;0;0;0;0;0;0;0;0;1;1;0;1;0;0;0;0;0;0;0;0;0;0;0
Sucumbíos;2107;Cuyabeno;1;0;0;0;0;0;0;1;0;0;0;0;0;0;0;0;0;0;1;0;0;0;0;0;0;1;0;0;0;0;0;0;0;0;0;0;0;0;0;0;0;0;0;0;0;0;0;0;0;0;0;0;0;0;0;0;0;0;0;0;0;0;0;0;0;0;0;0;0;0;0;0;0;0;0;0;0;0;0;0;0;0;0;0;0;0;0;0;0;0;0;0;0;0;0;0;0;0;0;0;0;0;0;0;0;0;1;0;0;0;0;0;0;0;0;0;0;0;0;0;0;0;0;0;0;1;0;0;0;0;0;0;0;0;0;0;0;0;0;0;0;0;0;0;0;0
Orellana;2201;Orellana;2;0;1;4;5;4;2;1;0;3;1;2;4;2;2;0;5;1;6;2;2;3;3;4;2;4;0;0;1;1;2;1;2;4;2;0;2;1;1;1;1;1;2;0;0;0;0;1;2;1;0;0;1;1;1;1;0;2;1;0;0;3;0;0;0;0;0;0;1;2;1;0;5;1;0;0;1;2;0;1;0;1;0;0;1;0;0;1;0;2;0;0;0;0;0;0;0;1;0;1;0;1;1;2;0;2;1;2;0;0;0;2;2;0;1;0;3;1;1;1;4;1;1;0;0;0;0;0;1;2;0;0;0;1;0;0;2;1;4;1;1;0;2;0;1;3
Orellana;2202;Aguarico;0;0;0;0;0;0;0;0;0;0;0;0;0;0;0;0;0;0;0;0;0;0;0;0;0;0;0;0;0;0;0;0;0;0;0;0;0;0;0;0;0;0;0;0;0;0;0;0;0;0;0;0;0;0;0;0;0;0;0;0;0;0;0;0;0;0;0;0;0;0;0;0;0;0;0;0;0;0;0;0;0;0;0;0;0;0;0;0;0;0;0;0;1;0;0;0;0;0;0;0;0;0;0;0;0;0;0;0;0;0;0;0;0;0;0;0;0;0;0;0;0;0;0;0;0;0;0;0;0;0;0;0;0;0;0;0;0;0;0;0;0;0;0;0;0;0
Orellana;2203;La Joya De Los Sachas;0;0;0;0;3;1;3;2;0;1;0;0;1;1;2;0;0;1;1;2;0;1;2;1;2;2;1;0;0;0;1;1;1;0;0;0;0;0;0;0;0;0;0;0;0;0;0;0;0;1;1;0;0;0;0;0;0;0;1;0;0;0;0;0;0;0;0;0;1;1;2;0;0;3;0;0;0;0;0;0;0;0;0;0;1;0;0;0;1;0;0;0;1;1;0;0;1;0;0;1;2;0;3;0;5;0;0;1;0;0;1;0;1;1;0;1;0;0;2;2;0;1;0;0;0;1;0;1;0;0;0;1;0;0;2;0;0;0;1;0;1;2;0;0;0;3
Orellana;2204;Loreto;0;0;0;0;0;0;0;0;0;0;0;0;0;0;0;0;0;0;0;0;0;0;0;0;0;1;2;0;0;0;1;0;1;0;0;1;0;0;0;0;0;0;1;0;0;0;0;1;0;0;0;0;0;0;1;0;0;0;0;0;0;0;0;0;1;0;1;0;0;0;0;0;0;1;0;0;0;0;1;0;0;1;0;0;0;0;0;0;1;0;0;0;0;1;0;0;0;0;0;0;1;0;0;1;0;0;0;0;0;0;0;0;0;0;0;0;1;0;0;0;0;0;0;0;1;2;0;1;0;0;0;0;0;0;0;0;1;0;2;0;0;0;0;0;0;0
Santo Domingo De Los Tsáchilas;2301;Santo Domingo;30;15;24;14;26;27;13;17;16;12;12;11;11;24;19;22;25;27;26;30;15;25;17;24;16;9;26;12;32;32;30;12;23;12;13;12;8;9;17;12;16;11;18;6;7;6;8;5;9;7;15;21;17;21;27;15;17;28;16;21;19;20;24;26;22;33;18;23;35;47;38;45;29;34;14;3;16;25;25;15;27;40;44;32;40;15;26;34;25;26;32;24;36;61;47;68;70;46;43;33;60;91;141;130;107;108;103;151;30;24;38;52;39;35;23;32;34;34;15;7;10;4;3;2;1;2;1;2;3;0;5;4;2;3;5;2;3;2;11;4;5;6;4;2;3;2
Santo Domingo De Los Tsáchilas;2302;La Concordia;3;0;0;1;1;4;2;0;1;2;0;0;0;0;3;0;0;1;2;0;0;0;0;1;1;0;0;0;1;0;0;2;3;2;3;0;0;0;1;2;0;0;0;0;0;1;2;1;1;0;2;2;1;0;0;1;3;1;1;0;0;1;1;3;0;2;0;2;0;0;2;1;0;0;2;0;0;1;1;0;1;1;1;1;2;2;1;1;0;1;2;1;5;0;4;0;2;2;3;3;2;2;1;3;1;1;2;6;0;0;1;3;0;3;2;1;4;3;3;4;2;1;2;1;1;0;3;1;1;1;0;1;2;1;3;0;1;1;1;0;2;1;2;5;0;1
Santa Elena;2401;Santa Elena;2;1;4;3;2;0;1;2;1;3;1;0;2;1;1;0;2;2;2;2;2;2;1;1;1;4;2;1;1;0;1;0;1;1;0;0;0;3;2;3;1;2;1;3;0;1;1;0;0;0;2;0;0;1;2;1;1;1;0;1;0;1;1;3;1;1;2;1;1;1;1;2;1;5;0;1;1;1;1;0;4;4;3;4;2;4;6;0;1;4;4;5;4;2;4;3;3;3;2;1;3;4;4;5;7;10;7;5;7;8;6;2;4;4;4;9;6;11;6;10;8;6;7;2;7;2;5;1;5;7;5;4;5;0;3;6;4;4;5;7;5;3;7;3;11;3
Santa Elena;2402;La Libertad;0;5;4;0;0;0;2;0;0;1;0;0;1;3;1;0;0;2;0;1;5;0;2;2;2;0;0;0;1;1;0;3;0;0;2;0;1;4;2;3;0;0;3;1;2;2;2;2;0;0;1;3;0;2;1;1;0;3;1;0;0;0;0;0;0;0;1;0;1;0;0;0;0;2;0;0;1;0;1;1;0;0;0;2;0;1;0;1;0;0;1;1;4;2;2;0;0;0;2;3;1;1;3;1;1;0;1;1;0;0;0;2;0;0;0;0;2;0;2;1;1;1;1;2;1;0;2;2;3;1;2;1;1;0;1;1;0;0;0;3;3;2;1;1;1;0
Santa Elena;2403;Salinas;1;1;1;3;1;0;2;2;3;0;0;0;0;0;0;0;2;2;1;2;0;1;0;0;1;3;0;0;2;0;2;2;0;1;2;1;2;4;0;1;1;1;1;1;0;2;1;1;2;1;1;0;1;0;0;1;0;0;0;3;0;0;3;0;0;1;0;0;0;0;0;1;0;4;0;0;0;0;0;3;0;0;0;1;3;2;2;0;2;1;2;4;2;0;1;0;0;3;3;1;3;0;3;1;1;1;4;0;2;1;3;7;2;4;1;4;1;2;1;3;0;1;5;2;6;0;9;10;4;2;1;1;4;3;6;8;5;1;4;0;2;3;1;6;2;5
Total Nacional;;Total Nacional;554;490;507;513;621;573;526;519;542;519;545;552;550;498;473;444;472;485;518;501;454;495;450;428;432;417;436;398;454;445;449;414;452;432;409;408;347;355;416;355;404;368;433;380;342;367;380;394;396;361;382;336;356;343;384;361;403;443;452;509;396;395;449;457;474;508;480;465;495;495;542;497;492;475;292;67;192;358;433;372;446;515;506;448;531;482;509;495;464;537;593;650;593;689;626;742;796;671;746;718;860;817;1.015;1.046;1.117;1.130;1.212;1.244;832;774;944;808;843;912;871;962;928;1.071;1.036;1.102;670;636;716;741;770;705;766;727;648;745;711;779;736;614;768;676;704;632;652;644;689;683;682;639;514;529
